x,y,MAX_TEMPERATURE,MEAN_TEMPERATURE,MIN_REL_HUMIDITY,COOLING_DEGREE_DAYS,HEATING_DEGREE_DAYS,TOTAL_RAIN_FLAG,PROVINCE_CODE,LOCAL_YEAR,STATION_NAME,LOCAL_MONTH,TOTAL_PRECIPITATION_FLAG,TOTAL_SNOW_FLAG,DIRECTION_MAX_GUST_FLAG,MAX_TEMPERATURE_FLAG,MIN_TEMPERATURE,TOTAL_PRECIPITATION,SPEED_MAX_GUST_FLAG,HEATING_DEGREE_DAYS_FLAG,CLIMATE_IDENTIFIER,MAX_REL_HUMIDITY,LOCAL_DAY,COOLING_DEGREE_DAYS_FLAG,LOCAL_DATE,ID,SNOW_ON_GROUND_FLAG,DIRECTION_MAX_GUST,MIN_REL_HUMIDITY_FLAG,TOTAL_SNOW,SNOW_ON_GROUND,MAX_REL_HUMIDITY_FLAG,TOTAL_RAIN,MEAN_TEMPERATURE_FLAG,MIN_TEMPERATURE_FLAG,SPEED_MAX_GUST
-114.013333333333,51.1225,4.2,0.0,50.0,0.0,18.0,,AB,2024,CALGARY INTL A,1,,,M,,-4.2,2.0,M,,3031092,92.0,1,,2024-01-01,3031092.2024.1.1,,,,0.0,,,2.0,,,
-114.013333333333,51.1225,3.1,-2.1,50.0,0.0,20.1,,AB,2024,CALGARY INTL A,1,,,M,,-7.3,0.0,M,,3031092,95.0,2,,2024-01-02,3031092.2024.1.2,,,,0.0,,,0.0,,,
-114.013333333333,51.1225,-4.0,-6.2,95.0,0.0,24.2,,AB,2024,CALGARY INTL A,1,,,M,,-8.3,0.0,M,,3031092,98.0,3,,2024-01-03,3031092.2024.1.3,,,,0.0,,,0.0,,,
-114.013333333333,51.1225,4.4,-2.0,42.0,0.0,20.0,,AB,2024,CALGARY INTL A,1,,,,,-8.3,0.0,,,3031092,98.0,4,,2024-01-04,3031092.2024.1.4,,28.0,,0.0,,,0.0,,,35.0
-114.013333333333,51.1225,3.9,0.1,31.0,0.0,17.9,,AB,2024,CALGARY INTL A,1,,,,,-3.7,0.0,,,3031092,82.0,5,,2024-01-05,3031092.2024.1.5,T,34.0,,0.0,0.0,,0.0,,,51.0
-114.013333333333,51.1225,-0.4,-5.0,44.0,0.0,23.0,,AB,2024,CALGARY INTL A,1,,,,,-9.6,1.2,,,3031092,86.0,6,,2024-01-06,3031092.2024.1.6,T,1.0,,1.0,0.0,,0.0,,,49.0
-114.013333333333,51.1225,-9.6,-13.5,71.0,0.0,31.5,,AB,2024,CALGARY INTL A,1,,,,,-17.4,2.0,,,3031092,87.0,7,,2024-01-07,3031092.2024.1.7,,34.0,,3.2,3.0,,0.0,,,48.0
-114.013333333333,51.1225,-1.9,-10.8,36.0,0.0,28.8,,AB,2024,CALGARY INTL A,1,T,T,,,-19.6,0.0,,,3031092,84.0,8,,2024-01-08,3031092.2024.1.8,,28.0,,0.0,3.0,,0.0,,,43.0
-114.013333333333,51.1225,0.1,-7.7,44.0,0.0,25.7,,AB,2024,CALGARY INTL A,1,,,,,-15.4,0.8,,,3031092,82.0,9,,2024-01-09,3031092.2024.1.9,,36.0,,0.8,3.0,,0.0,,,49.0
-114.013333333333,51.1225,-15.3,-19.9,69.0,0.0,37.9,,AB,2024,CALGARY INTL A,1,,,,,-24.4,10.0,,,3031092,79.0,10,,2024-01-10,3031092.2024.1.10,,3.0,,10.0,5.0,,0.0,,,43.0
-114.013333333333,51.1225,-24.1,-28.3,60.0,0.0,46.3,,AB,2024,CALGARY INTL A,1,,,,,-32.4,1.2,,,3031092,71.0,11,,2024-01-11,3031092.2024.1.11,,1.0,,1.2,11.0,,0.0,,,47.0
-114.013333333333,51.1225,-30.4,-33.0,52.0,0.0,51.0,,AB,2024,CALGARY INTL A,1,T,T,,,-35.6,0.0,,,3031092,70.0,12,,2024-01-12,3031092.2024.1.12,,34.0,,0.0,11.0,,0.0,,,31.0
-114.013333333333,51.1225,-26.7,-30.8,52.0,0.0,48.8,,AB,2024,CALGARY INTL A,1,T,T,M,,-34.8,0.0,M,,3031092,72.0,13,,2024-01-13,3031092.2024.1.13,,,,0.0,10.0,,0.0,,,
-114.013333333333,51.1225,-27.2,-31.7,59.0,0.0,49.7,,AB,2024,CALGARY INTL A,1,T,T,M,,-36.2,0.0,M,,3031092,75.0,14,,2024-01-14,3031092.2024.1.14,,,,0.0,10.0,,0.0,,,
-114.013333333333,51.1225,-7.6,-19.5,41.0,0.0,37.5,,AB,2024,CALGARY INTL A,1,,,M,,-31.4,0.0,M,,3031092,75.0,15,,2024-01-15,3031092.2024.1.15,,,,0.0,10.0,,0.0,,,
-114.013333333333,51.1225,-6.4,-10.8,52.0,0.0,28.8,,AB,2024,CALGARY INTL A,1,,,,,-15.1,3.2,,,3031092,90.0,16,,2024-01-16,3031092.2024.1.16,,3.0,,4.0,8.0,,0.0,,,37.0
-114.013333333333,51.1225,-14.8,-16.6,74.0,0.0,34.6,,AB,2024,CALGARY INTL A,1,,,,,-18.4,5.4,,,3031092,81.0,17,,2024-01-17,3031092.2024.1.17,,35.0,,5.2,10.0,,0.0,,,31.0
-114.013333333333,51.1225,-14.9,-19.1,55.0,0.0,37.1,,AB,2024,CALGARY INTL A,1,T,T,,,-23.2,0.0,,,3031092,82.0,18,,2024-01-18,3031092.2024.1.18,,35.0,,0.0,15.0,,0.0,,,32.0
-114.013333333333,51.1225,-15.6,-20.1,68.0,0.0,38.1,,AB,2024,CALGARY INTL A,1,,,,,-24.6,0.0,,,3031092,81.0,19,,2024-01-19,3031092.2024.1.19,,17.0,,0.0,12.0,,0.0,,,32.0
-114.013333333333,51.1225,-7.2,-11.4,70.0,0.0,29.4,,AB,2024,CALGARY INTL A,1,,,M,,-15.6,0.0,M,,3031092,86.0,20,,2024-01-20,3031092.2024.1.20,,,,0.0,10.0,,0.0,,,
-114.013333333333,51.1225,-11.7,-12.3,76.0,0.0,30.3,,AB,2024,CALGARY INTL A,1,T,T,M,,-12.9,0.0,M,,3031092,87.0,21,,2024-01-21,3031092.2024.1.21,,,,0.0,10.0,,0.0,,,
-114.013333333333,51.1225,-12.2,-13.3,83.0,0.0,31.3,,AB,2024,CALGARY INTL A,1,,,,,-14.4,2.1,,,3031092,89.0,22,,2024-01-22,3031092.2024.1.22,,15.0,,2.7,12.0,,0.0,,,32.0
-114.013333333333,51.1225,8.0,-2.2,41.0,0.0,20.2,,AB,2024,CALGARY INTL A,1,,,M,,-12.4,0.0,M,,3031092,83.0,23,,2024-01-23,3031092.2024.1.23,,,,0.0,12.0,,0.0,,,
-114.013333333333,51.1225,4.9,-1.3,48.0,0.0,19.3,,AB,2024,CALGARY INTL A,1,,,M,,-7.5,0.0,M,,3031092,85.0,24,,2024-01-24,3031092.2024.1.24,,,,0.0,10.0,,0.0,,,
-114.013333333333,51.1225,8.5,3.9,34.0,0.0,14.1,,AB,2024,CALGARY INTL A,1,,,,,-0.8,0.0,,,3031092,76.0,25,,2024-01-25,3031092.2024.1.25,,28.0,,0.0,7.0,,0.0,,,42.0
-114.013333333333,51.1225,8.2,2.6,34.0,0.0,15.4,,AB,2024,CALGARY INTL A,1,,,,,-3.0,0.0,,,3031092,67.0,26,,2024-01-26,3031092.2024.1.26,,27.0,,0.0,5.0,,0.0,,,45.0
-114.013333333333,51.1225,11.5,3.1,37.0,0.0,14.9,,AB,2024,CALGARY INTL A,1,,,,,-5.4,0.0,,,3031092,74.0,27,,2024-01-27,3031092.2024.1.27,,27.0,,0.0,,,0.0,,,51.0
-114.013333333333,51.1225,13.1,6.3,45.0,0.0,11.7,,AB,2024,CALGARY INTL A,1,,,,,-0.6,0.0,,,3031092,86.0,28,,2024-01-28,3031092.2024.1.28,,29.0,,0.0,10.0,,0.0,,,32.0
-114.013333333333,51.1225,9.9,4.7,53.0,0.0,13.3,,AB,2024,CALGARY INTL A,1,,,M,,-0.5,0.0,M,,3031092,83.0,29,,2024-01-29,3031092.2024.1.29,,,,0.0,6.0,,0.0,,,
-114.013333333333,51.1225,15.4,8.0,25.0,0.0,10.0,,AB,2024,CALGARY INTL A,1,,,,,0.6,0.0,,,3031092,73.0,30,,2024-01-30,3031092.2024.1.30,,32.0,,0.0,2.0,,0.0,,,40.0
-114.013333333333,51.1225,8.8,2.9,56.0,0.0,15.1,,AB,2024,CALGARY INTL A,1,,,,,-3.0,0.0,,,3031092,86.0,31,,2024-01-31,3031092.2024.1.31,,19.0,,0.0,1.0,,0.0,,,33.0
-114.013333333333,51.1225,12.6,6.2,48.0,0.0,11.8,,AB,2024,CALGARY INTL A,2,,,M,,-0.2,0.0,M,,3031092,70.0,1,,2024-02-01,3031092.2024.2.1,T,,,0.0,0.0,,0.0,,,
-114.013333333333,51.1225,12.1,5.3,42.0,0.0,12.7,,AB,2024,CALGARY INTL A,2,,,M,,-1.5,0.0,M,,3031092,89.0,2,,2024-02-02,3031092.2024.2.2,T,,,0.0,0.0,,0.0,,,
-114.013333333333,51.1225,5.5,1.2,55.0,0.0,16.8,,AB,2024,CALGARY INTL A,2,,T,,,-3.1,0.8,,,3031092,89.0,3,,2024-02-03,3031092.2024.2.3,T,36.0,,0.0,0.0,,0.8,,,51.0
-114.013333333333,51.1225,-2.6,-5.0,67.0,0.0,23.0,,AB,2024,CALGARY INTL A,2,,,,,-7.3,7.9,,,3031092,90.0,4,,2024-02-04,3031092.2024.2.4,,36.0,,9.3,1.0,,0.0,,,37.0
-114.013333333333,51.1225,-2.3,-7.5,69.0,0.0,25.5,,AB,2024,CALGARY INTL A,2,T,T,,,-12.6,0.0,,,3031092,97.0,5,,2024-02-05,3031092.2024.2.5,,8.0,,0.0,9.0,,0.0,,,31.0
-114.013333333333,51.1225,-6.3,-7.4,90.0,0.0,25.4,,AB,2024,CALGARY INTL A,2,,,M,,-8.5,0.2,M,,3031092,95.0,6,,2024-02-06,3031092.2024.2.6,,,,0.2,7.0,,0.0,,,
-114.013333333333,51.1225,-7.0,-7.6,93.0,0.0,25.6,,AB,2024,CALGARY INTL A,2,,,M,,-8.2,2.1,M,,3031092,94.0,7,,2024-02-07,3031092.2024.2.7,,,,2.8,2.0,,0.0,,,
-114.013333333333,51.1225,-4.6,-6.2,86.0,0.0,24.2,,AB,2024,CALGARY INTL A,2,,,M,,-7.7,0.4,M,,3031092,97.0,8,,2024-02-08,3031092.2024.2.8,,,,0.4,7.0,,0.0,,,
-114.013333333333,51.1225,-4.3,-8.1,64.0,0.0,26.1,,AB,2024,CALGARY INTL A,2,,,,,-11.8,0.6,,,3031092,92.0,9,,2024-02-09,3031092.2024.2.9,,34.0,,0.6,9.0,,0.0,,,31.0
-114.013333333333,51.1225,5.5,-5.1,43.0,0.0,23.1,,AB,2024,CALGARY INTL A,2,,,M,,-15.6,0.0,M,,3031092,91.0,10,,2024-02-10,3031092.2024.2.10,,,,0.0,7.0,,0.0,,,
-114.013333333333,51.1225,4.2,-0.4,48.0,0.0,18.4,,AB,2024,CALGARY INTL A,2,,,,,-4.9,0.0,,,3031092,81.0,11,,2024-02-11,3031092.2024.2.11,,36.0,,0.0,4.0,,0.0,,,34.0
-114.013333333333,51.1225,2.9,-2.4,40.0,0.0,20.4,,AB,2024,CALGARY INTL A,2,,,,,-7.7,0.0,,,3031092,90.0,12,,2024-02-12,3031092.2024.2.12,,34.0,,0.0,4.0,,0.0,,,49.0
-114.013333333333,51.1225,-3.9,-8.9,64.0,0.0,26.9,,AB,2024,CALGARY INTL A,2,,,,,-13.8,0.4,,,3031092,86.0,13,,2024-02-13,3031092.2024.2.13,,36.0,,0.8,5.0,,0.0,,,47.0
-114.013333333333,51.1225,,,,,,,AB,2024,CALGARY INTL A,2,T,T,,M,,0.0,,M,3031092,,14,M,2024-02-14,3031092.2024.2.14,,2.0,M,0.0,5.0,M,0.0,M,M,42.0
-114.013333333333,51.1225,-8.5,-12.7,56.0,0.0,30.7,,AB,2024,CALGARY INTL A,2,,,M,,-16.9,0.2,M,,3031092,88.0,15,,2024-02-15,3031092.2024.2.15,,,,0.2,5.0,,0.0,,,
-114.013333333333,51.1225,2.7,-7.5,17.0,0.0,25.5,,AB,2024,CALGARY INTL A,2,,,M,,-17.6,0.0,M,,3031092,81.0,16,,2024-02-16,3031092.2024.2.16,,,,0.0,4.0,,0.0,,,
-114.013333333333,51.1225,5.0,-3.5,33.0,0.0,21.5,,AB,2024,CALGARY INTL A,2,,,M,,-12.0,0.0,M,,3031092,68.0,17,,2024-02-17,3031092.2024.2.17,,,,0.0,4.0,,0.0,,,
-114.013333333333,51.1225,4.9,-3.2,26.0,0.0,21.2,,AB,2024,CALGARY INTL A,2,,,,,-11.2,0.0,,,3031092,72.0,18,,2024-02-18,3031092.2024.2.18,,35.0,,0.0,3.0,,0.0,,,36.0
-114.013333333333,51.1225,4.3,-3.7,36.0,0.0,21.7,,AB,2024,CALGARY INTL A,2,,,M,,-11.6,0.0,M,,3031092,83.0,19,,2024-02-19,3031092.2024.2.19,,,,0.0,2.0,,0.0,,,
-114.013333333333,51.1225,7.5,-0.1,41.0,0.0,18.1,,AB,2024,CALGARY INTL A,2,,,,,-7.6,0.0,,,3031092,82.0,20,,2024-02-20,3031092.2024.2.20,,29.0,,0.0,3.0,,0.0,,,36.0
-114.013333333333,51.1225,5.3,0.2,41.0,0.0,17.8,,AB,2024,CALGARY INTL A,2,,,,,-4.9,0.0,,,3031092,77.0,21,,2024-02-21,3031092.2024.2.21,,16.0,,0.0,2.0,,0.0,,,31.0
-114.013333333333,51.1225,10.4,3.3,29.0,0.0,14.7,,AB,2024,CALGARY INTL A,2,,,,,-3.8,0.0,,,3031092,68.0,22,,2024-02-22,3031092.2024.2.22,,27.0,,0.0,1.0,,0.0,,,43.0
-114.013333333333,51.1225,10.9,7.6,21.0,0.0,10.4,,AB,2024,CALGARY INTL A,2,,,,,4.3,0.0,,,3031092,38.0,23,,2024-02-23,3031092.2024.2.23,T,28.0,,0.0,0.0,,0.0,,,68.0
-114.013333333333,51.1225,4.8,0.2,38.0,0.0,17.8,,AB,2024,CALGARY INTL A,2,,,,,-4.5,1.0,,,3031092,83.0,24,,2024-02-24,3031092.2024.2.24,T,2.0,,1.0,0.0,,0.0,,,57.0
-114.013333333333,51.1225,4.8,-1.4,58.0,0.0,19.4,,AB,2024,CALGARY INTL A,2,,,,,-7.6,0.0,,,3031092,98.0,25,,2024-02-25,3031092.2024.2.25,T,22.0,,0.0,0.0,,0.0,,,50.0
-114.013333333333,51.1225,-3.9,-12.5,64.0,0.0,30.5,,AB,2024,CALGARY INTL A,2,,,,,-21.0,1.4,,,3031092,98.0,26,,2024-02-26,3031092.2024.2.26,T,36.0,,2.1,0.0,,0.0,,,68.0
-114.013333333333,51.1225,-17.2,-19.8,59.0,0.0,37.8,,AB,2024,CALGARY INTL A,2,,,,,-22.4,1.6,,,3031092,78.0,27,,2024-02-27,3031092.2024.2.27,,15.0,,1.8,2.0,,0.0,,,39.0
-114.013333333333,51.1225,2.9,-8.3,51.0,0.0,26.3,,AB,2024,CALGARY INTL A,2,,,,,-19.4,0.0,,,3031092,80.0,28,,2024-02-28,3031092.2024.2.28,,16.0,,0.0,2.0,,0.0,,,35.0
-114.013333333333,51.1225,9.9,-0.4,47.0,0.0,18.4,,AB,2024,CALGARY INTL A,2,,,,,-10.7,1.7,,,3031092,86.0,29,,2024-02-29,3031092.2024.2.29,,2.0,,2.0,1.0,,0.0,,,76.0
-114.013333333333,51.1225,-9.1,-11.4,79.0,0.0,29.4,,AB,2024,CALGARY INTL A,3,,,,,-13.6,2.4,,,3031092,89.0,1,,2024-03-01,3031092.2024.3.1,,10.0,,4.0,5.0,,0.0,,,37.0
-114.013333333333,51.1225,-13.1,-16.7,75.0,0.0,34.7,,AB,2024,CALGARY INTL A,3,,,,,-20.3,12.4,,,3031092,89.0,2,,2024-03-02,3031092.2024.3.2,,2.0,,18.0,8.0,,0.0,,,45.0
-114.013333333333,51.1225,-16.1,-20.5,60.0,0.0,38.5,,AB,2024,CALGARY INTL A,3,T,T,,,-24.9,0.0,,,3031092,81.0,3,,2024-03-03,3031092.2024.3.3,,2.0,,0.0,16.0,,0.0,,,41.0
-114.013333333333,51.1225,-17.7,-19.6,53.0,0.0,37.6,,AB,2024,CALGARY INTL A,3,T,T,M,,-21.5,0.0,M,,3031092,79.0,4,,2024-03-04,3031092.2024.3.4,,,,0.0,16.0,,0.0,,,
-114.013333333333,51.1225,-12.0,-18.2,58.0,0.0,36.2,,AB,2024,CALGARY INTL A,3,,,M,,-24.4,2.5,M,,3031092,81.0,5,,2024-03-05,3031092.2024.3.5,,,,2.7,16.0,,0.0,,,
-114.013333333333,51.1225,-7.8,-12.5,61.0,0.0,30.5,,AB,2024,CALGARY INTL A,3,,,,,-17.2,0.6,,,3031092,86.0,6,,2024-03-06,3031092.2024.3.6,,13.0,,0.6,16.0,,0.0,,,36.0
-114.013333333333,51.1225,1.7,-8.1,24.0,0.0,26.1,,AB,2024,CALGARY INTL A,3,,,M,,-17.8,0.0,M,,3031092,86.0,7,,2024-03-07,3031092.2024.3.7,,,,0.0,16.0,,0.0,,,
-114.013333333333,51.1225,7.8,-1.1,35.0,0.0,19.1,,AB,2024,CALGARY INTL A,3,,,,,-9.9,0.0,,,3031092,65.0,8,,2024-03-08,3031092.2024.3.8,,26.0,,0.0,,,0.0,,,48.0
-114.013333333333,51.1225,10.2,4.3,25.0,0.0,13.7,,AB,2024,CALGARY INTL A,3,,,,,-1.6,0.0,,,3031092,77.0,9,,2024-03-09,3031092.2024.3.9,,14.0,,0.0,10.0,,0.0,,,40.0
-114.013333333333,51.1225,9.5,2.7,28.0,0.0,15.3,,AB,2024,CALGARY INTL A,3,,,,,-4.2,0.0,,,3031092,69.0,10,,2024-03-10,3031092.2024.3.10,,14.0,,0.0,5.0,,0.0,,,45.0
-114.013333333333,51.1225,9.2,2.2,23.0,0.0,15.8,,AB,2024,CALGARY INTL A,3,,,,,-4.8,0.0,,,3031092,86.0,11,,2024-03-11,3031092.2024.3.11,,23.0,,0.0,4.0,,0.0,,,34.0
-114.013333333333,51.1225,9.9,4.6,25.0,0.0,13.4,,AB,2024,CALGARY INTL A,3,,,,,-0.7,0.0,,,3031092,65.0,12,,2024-03-12,3031092.2024.3.12,T,26.0,,0.0,0.0,,0.0,,,37.0
-114.013333333333,51.1225,6.3,1.5,50.0,0.0,16.5,,AB,2024,CALGARY INTL A,3,T,T,,,-3.4,0.0,,,3031092,88.0,13,,2024-03-13,3031092.2024.3.13,T,33.0,,0.0,0.0,,0.0,,,51.0
-114.013333333333,51.1225,10.0,3.2,28.0,0.0,14.8,,AB,2024,CALGARY INTL A,3,,,,,-3.6,0.0,,,3031092,95.0,14,,2024-03-14,3031092.2024.3.14,,17.0,,0.0,,,0.0,,,34.0
-114.013333333333,51.1225,12.4,6.9,40.0,0.0,11.1,,AB,2024,CALGARY INTL A,3,,,,,1.3,0.0,,,3031092,74.0,15,,2024-03-15,3031092.2024.3.15,,9.0,,0.0,,,0.0,,,40.0
-114.013333333333,51.1225,14.2,6.5,30.0,0.0,11.5,,AB,2024,CALGARY INTL A,3,,,,,-1.3,0.0,,,3031092,88.0,16,,2024-03-16,3031092.2024.3.16,T,1.0,,0.0,0.0,,0.0,,,46.0
-114.013333333333,51.1225,15.7,6.6,28.0,0.0,11.4,,AB,2024,CALGARY INTL A,3,,,,,-2.5,0.0,,,3031092,95.0,17,,2024-03-17,3031092.2024.3.17,T,15.0,,0.0,0.0,,0.0,,,37.0
-114.013333333333,51.1225,16.5,10.3,28.0,0.0,7.7,,AB,2024,CALGARY INTL A,3,,,,,4.1,0.0,,,3031092,61.0,18,,2024-03-18,3031092.2024.3.18,T,11.0,,0.0,0.0,,0.0,,,42.0
-114.013333333333,51.1225,5.6,1.4,53.0,0.0,16.6,,AB,2024,CALGARY INTL A,3,,,,,-2.9,0.4,,,3031092,91.0,19,,2024-03-19,3031092.2024.3.19,T,9.0,,0.4,0.0,,0.0,,,43.0
-114.013333333333,51.1225,-2.8,-6.1,79.0,0.0,24.1,,AB,2024,CALGARY INTL A,3,,,,,-9.4,13.9,,,3031092,94.0,20,,2024-03-20,3031092.2024.3.20,,11.0,,16.1,6.0,,0.0,,,43.0
-114.013333333333,51.1225,-4.4,-7.2,70.0,0.0,25.2,,AB,2024,CALGARY INTL A,3,,,,,-9.9,7.6,,,3031092,89.0,21,,2024-03-21,3031092.2024.3.21,,2.0,,7.6,17.0,,0.0,,,42.0
-114.013333333333,51.1225,-6.3,-8.1,77.0,0.0,26.1,,AB,2024,CALGARY INTL A,3,,,,,-9.8,6.2,,,3031092,90.0,22,,2024-03-22,3031092.2024.3.22,,11.0,,6.6,15.0,,0.0,,,39.0
-114.013333333333,51.1225,-7.6,-8.7,78.0,0.0,26.7,,AB,2024,CALGARY INTL A,3,,,,,-9.8,5.6,,,3031092,93.0,23,,2024-03-23,3031092.2024.3.23,,9.0,,6.0,21.0,,0.0,,,42.0
-114.013333333333,51.1225,-5.3,-7.7,71.0,0.0,25.7,,AB,2024,CALGARY INTL A,3,T,T,,,-10.0,0.0,,,3031092,93.0,24,,2024-03-24,3031092.2024.3.24,,17.0,,0.0,21.0,,0.0,,,57.0
-114.013333333333,51.1225,-6.8,-10.2,74.0,0.0,28.2,,AB,2024,CALGARY INTL A,3,T,T,,,-13.5,0.0,,,3031092,88.0,25,,2024-03-25,3031092.2024.3.25,,17.0,,0.0,21.0,,0.0,,,49.0
-114.013333333333,51.1225,-1.6,-5.4,72.0,0.0,23.4,,AB,2024,CALGARY INTL A,3,,,,,-9.2,0.0,,,3031092,93.0,26,,2024-03-26,3031092.2024.3.26,,15.0,,0.0,11.0,,0.0,,,38.0
-114.013333333333,51.1225,6.8,0.2,39.0,0.0,17.8,,AB,2024,CALGARY INTL A,3,,,,,-6.4,0.0,,,3031092,79.0,27,,2024-03-27,3031092.2024.3.27,,12.0,,0.0,11.0,,0.0,,,34.0
-114.013333333333,51.1225,2.8,-2.0,65.0,0.0,20.0,,AB,2024,CALGARY INTL A,3,,,,,-6.7,1.2,,,3031092,91.0,28,,2024-03-28,3031092.2024.3.28,,36.0,,1.2,8.0,,0.0,,,47.0
-114.013333333333,51.1225,-5.3,-7.5,71.0,0.0,25.5,,AB,2024,CALGARY INTL A,3,,,M,,-9.7,4.3,M,,3031092,92.0,29,,2024-03-29,3031092.2024.3.29,,,,5.2,11.0,,0.0,,,
-114.013333333333,51.1225,-1.2,-7.2,63.0,0.0,25.2,,AB,2024,CALGARY INTL A,3,,,,,-13.1,0.0,,,3031092,94.0,30,,2024-03-30,3031092.2024.3.30,,15.0,,0.0,12.0,,0.0,,,33.0
-114.013333333333,51.1225,4.8,-0.9,34.0,0.0,18.9,,AB,2024,CALGARY INTL A,3,,,,,-6.5,0.0,,,3031092,82.0,31,,2024-03-31,3031092.2024.3.31,,14.0,,0.0,8.0,,0.0,,,42.0
-114.013333333333,51.1225,10.5,4.3,34.0,0.0,13.7,,AB,2024,CALGARY INTL A,4,,,,,-1.9,0.0,,,3031092,81.0,1,,2024-04-01,3031092.2024.4.1,,29.0,,0.0,6.0,,0.0,,,38.0
-114.013333333333,51.1225,17.6,8.9,26.0,0.0,9.1,,AB,2024,CALGARY INTL A,4,,,,,0.2,0.0,,,3031092,77.0,2,,2024-04-02,3031092.2024.4.2,,26.0,,0.0,,,0.0,,,45.0
-114.013333333333,51.1225,10.5,6.1,45.0,0.0,11.9,,AB,2024,CALGARY INTL A,4,,T,,,1.7,0.2,,,3031092,89.0,3,,2024-04-03,3031092.2024.4.3,,1.0,,0.0,,,0.2,,,64.0
-114.013333333333,51.1225,2.2,0.4,71.0,0.0,17.6,,AB,2024,CALGARY INTL A,4,,,,,-1.4,17.4,,,3031092,100.0,4,,2024-04-04,3031092.2024.4.4,,6.0,,10.0,1.0,,7.4,,,45.0
-114.013333333333,51.1225,1.8,-0.2,72.0,0.0,18.2,,AB,2024,CALGARY INTL A,4,,,,,-2.1,7.2,,,3031092,99.0,5,,2024-04-05,3031092.2024.4.5,,36.0,,5.2,12.0,,0.0,,,39.0
-114.013333333333,51.1225,4.9,1.8,68.0,0.0,16.2,,AB,2024,CALGARY INTL A,4,,,,,-1.4,0.0,,,3031092,89.0,6,,2024-04-06,3031092.2024.4.6,,36.0,,0.0,8.0,,0.0,,,42.0
-114.013333333333,51.1225,10.9,6.1,34.0,0.0,11.9,,AB,2024,CALGARY INTL A,4,,,,,1.3,0.0,,,3031092,87.0,7,,2024-04-07,3031092.2024.4.7,,28.0,,0.0,5.0,,0.0,,,42.0
-114.013333333333,51.1225,13.1,5.8,24.0,0.0,12.2,,AB,2024,CALGARY INTL A,4,,,,,-1.5,0.0,,,3031092,58.0,8,,2024-04-08,3031092.2024.4.8,T,27.0,,0.0,0.0,,0.0,,,44.0
-114.013333333333,51.1225,13.5,7.0,21.0,0.0,11.0,,AB,2024,CALGARY INTL A,4,,,,,0.5,0.6,,,3031092,85.0,9,,2024-04-09,3031092.2024.4.9,,1.0,,0.0,,,0.6,,,79.0
-114.013333333333,51.1225,10.5,3.4,19.0,0.0,14.6,,AB,2024,CALGARY INTL A,4,,,,,-3.7,0.0,,,3031092,70.0,10,,2024-04-10,3031092.2024.4.10,,1.0,,0.0,,,0.0,,,37.0
-114.013333333333,51.1225,14.0,6.9,22.0,0.0,11.1,,AB,2024,CALGARY INTL A,4,,,,,-0.3,0.0,,,3031092,63.0,11,,2024-04-11,3031092.2024.4.11,,14.0,,0.0,,,0.0,,,41.0
-114.013333333333,51.1225,15.1,8.5,26.0,0.0,9.5,,AB,2024,CALGARY INTL A,4,,,,,1.8,0.0,,,3031092,62.0,12,,2024-04-12,3031092.2024.4.12,,30.0,,0.0,,,0.0,,,45.0
-114.013333333333,51.1225,17.9,8.3,16.0,0.0,9.7,,AB,2024,CALGARY INTL A,4,,,,,-1.4,0.0,,,3031092,66.0,13,,2024-04-13,3031092.2024.4.13,,28.0,,0.0,,,0.0,,,45.0
-114.013333333333,51.1225,17.1,7.5,18.0,0.0,10.5,,AB,2024,CALGARY INTL A,4,,,,,-2.1,0.0,,,3031092,76.0,14,,2024-04-14,3031092.2024.4.14,,15.0,,0.0,,,0.0,,,35.0
-114.013333333333,51.1225,16.4,8.8,23.0,0.0,9.2,,AB,2024,CALGARY INTL A,4,,T,,,1.1,0.6,,,3031092,96.0,15,,2024-04-15,3031092.2024.4.15,,3.0,,0.0,,,0.6,,,55.0
-114.013333333333,51.1225,2.2,-0.1,66.0,0.0,18.1,,AB,2024,CALGARY INTL A,4,,,,,-2.3,11.9,,,3031092,100.0,16,,2024-04-16,3031092.2024.4.16,,33.0,,11.9,5.0,,0.0,,,68.0
-114.013333333333,51.1225,2.8,-0.3,39.0,0.0,18.3,,AB,2024,CALGARY INTL A,4,T,T,,,-3.3,0.0,,,3031092,83.0,17,,2024-04-17,3031092.2024.4.17,,34.0,,0.0,2.0,,0.0,,,71.0
-114.013333333333,51.1225,3.3,-0.4,26.0,0.0,18.4,,AB,2024,CALGARY INTL A,4,,,,,-4.1,0.0,,,3031092,61.0,18,,2024-04-18,3031092.2024.4.18,T,36.0,,0.0,0.0,,0.0,,,59.0
-114.013333333333,51.1225,4.2,-0.9,26.0,0.0,18.9,,AB,2024,CALGARY INTL A,4,,,M,,-6.0,0.0,M,,3031092,59.0,19,,2024-04-19,3031092.2024.4.19,T,,,0.0,0.0,,0.0,,,
-114.013333333333,51.1225,10.7,2.6,23.0,0.0,15.4,,AB,2024,CALGARY INTL A,4,,,,,-5.5,0.0,,,3031092,64.0,20,,2024-04-20,3031092.2024.4.20,,16.0,,0.0,,,0.0,,,53.0
-114.013333333333,51.1225,13.0,6.3,21.0,0.0,11.7,,AB,2024,CALGARY INTL A,4,T,T,,,-0.4,0.0,,,3031092,65.0,21,,2024-04-21,3031092.2024.4.21,,30.0,,0.0,,,0.0,,,76.0
-114.013333333333,51.1225,14.6,8.9,19.0,0.0,9.1,,AB,2024,CALGARY INTL A,4,,,,,3.2,0.0,,,3031092,44.0,22,,2024-04-22,3031092.2024.4.22,,31.0,,0.0,,,0.0,,,58.0
-114.013333333333,51.1225,17.0,7.9,19.0,0.0,10.1,,AB,2024,CALGARY INTL A,4,,,,,-1.2,0.0,,,3031092,61.0,23,,2024-04-23,3031092.2024.4.23,,18.0,,0.0,,,0.0,,,47.0
-114.013333333333,51.1225,,,,,,,AB,2024,CALGARY INTL A,4,,,,M,,0.0,,M,3031092,,24,M,2024-04-24,3031092.2024.4.24,,29.0,M,0.0,,M,0.0,M,M,47.0
-114.013333333333,51.1225,16.3,8.5,21.0,0.0,9.5,,AB,2024,CALGARY INTL A,4,,,,,0.6,0.0,,,3031092,73.0,25,,2024-04-25,3031092.2024.4.25,,36.0,,0.0,,,0.0,,,51.0
-114.013333333333,51.1225,7.0,4.5,49.0,0.0,13.5,,AB,2024,CALGARY INTL A,4,,,,,1.9,0.8,,,3031092,89.0,26,,2024-04-26,3031092.2024.4.26,,35.0,,0.0,,,0.8,,,44.0
-114.013333333333,51.1225,16.5,9.1,32.0,0.0,8.9,,AB,2024,CALGARY INTL A,4,,,,,1.6,0.0,,,3031092,85.0,27,,2024-04-27,3031092.2024.4.27,,16.0,,0.0,,,0.0,,,53.0
-114.013333333333,51.1225,16.1,10.2,17.0,0.0,7.8,,AB,2024,CALGARY INTL A,4,,,,,4.3,0.0,,,3031092,63.0,28,,2024-04-28,3031092.2024.4.28,,29.0,,0.0,,,0.0,,,60.0
-114.013333333333,51.1225,10.7,5.8,32.0,0.0,12.2,,AB,2024,CALGARY INTL A,4,,,,,0.8,5.5,,,3031092,97.0,29,,2024-04-29,3031092.2024.4.29,T,22.0,,1.0,0.0,,4.5,,,40.0
-114.013333333333,51.1225,5.1,2.6,52.0,0.0,15.4,,AB,2024,CALGARY INTL A,4,,,,,0.0,4.2,,,3031092,100.0,30,,2024-04-30,3031092.2024.4.30,,3.0,,4.2,4.0,,0.0,,,63.0
-114.013333333333,51.1225,2.8,1.5,78.0,0.0,16.5,,AB,2024,CALGARY INTL A,5,,,,,0.1,10.0,,,3031092,98.0,1,,2024-05-01,3031092.2024.5.1,T,33.0,,6.6,0.0,,3.4,,,57.0
-114.013333333333,51.1225,7.0,3.4,51.0,0.0,14.6,,AB,2024,CALGARY INTL A,5,,,,,-0.2,5.5,,,3031092,99.0,2,,2024-05-02,3031092.2024.5.2,,1.0,,2.2,2.0,,3.3,,,62.0
-114.013333333333,51.1225,12.3,5.4,35.0,0.0,12.6,T,AB,2024,CALGARY INTL A,5,T,,,,-1.6,0.0,,,3031092,97.0,3,,2024-05-03,3031092.2024.5.3,,1.0,,0.0,,,0.0,,,48.0
-114.013333333333,51.1225,14.3,6.1,28.0,0.0,11.9,,AB,2024,CALGARY INTL A,5,,,,,-2.1,0.0,,,3031092,80.0,4,,2024-05-04,3031092.2024.5.4,,13.0,,0.0,,,0.0,,,37.0
-114.013333333333,51.1225,13.4,8.2,42.0,0.0,9.8,,AB,2024,CALGARY INTL A,5,,,,,3.0,0.4,,,3031092,88.0,5,,2024-05-05,3031092.2024.5.5,,20.0,,0.0,,,0.4,,,55.0
-114.013333333333,51.1225,17.6,9.7,41.0,0.0,8.3,,AB,2024,CALGARY INTL A,5,,,,,1.7,1.9,,,3031092,100.0,6,,2024-05-06,3031092.2024.5.6,,29.0,,0.0,,,1.9,,,51.0
-114.013333333333,51.1225,7.0,5.5,59.0,0.0,12.5,,AB,2024,CALGARY INTL A,5,,,,,3.9,3.7,,,3031092,88.0,7,,2024-05-07,3031092.2024.5.7,,33.0,,0.0,,,3.7,,,90.0
-114.013333333333,51.1225,11.8,8.6,31.0,0.0,9.4,,AB,2024,CALGARY INTL A,5,,,,,5.3,0.0,,,3031092,59.0,8,,2024-05-08,3031092.2024.5.8,,33.0,,0.0,,,0.0,,,51.0
-114.013333333333,51.1225,21.6,11.8,18.0,0.0,6.2,,AB,2024,CALGARY INTL A,5,,,M,,2.0,0.0,M,,3031092,70.0,9,,2024-05-09,3031092.2024.5.9,,,,0.0,,,0.0,,,
-114.013333333333,51.1225,26.2,15.8,11.0,0.0,2.2,,AB,2024,CALGARY INTL A,5,,,,,5.3,0.0,,,3031092,65.0,10,,2024-05-10,3031092.2024.5.10,,27.0,,0.0,,,0.0,,,45.0
-114.013333333333,51.1225,22.2,15.3,24.0,0.0,2.7,T,AB,2024,CALGARY INTL A,5,T,,,,8.4,0.0,,,3031092,51.0,11,,2024-05-11,3031092.2024.5.11,,2.0,,0.0,,,0.0,,,47.0
-114.013333333333,51.1225,24.5,16.1,20.0,0.0,1.9,,AB,2024,CALGARY INTL A,5,,,,,7.7,0.0,,,3031092,65.0,12,,2024-05-12,3031092.2024.5.12,,28.0,,0.0,,,0.0,,,50.0
-114.013333333333,51.1225,16.4,12.5,45.0,0.0,5.5,,AB,2024,CALGARY INTL A,5,,,,,8.6,1.1,,,3031092,90.0,13,,2024-05-13,3031092.2024.5.13,,30.0,,0.0,,,1.1,,,45.0
-114.013333333333,51.1225,17.6,12.5,37.0,0.0,5.5,,AB,2024,CALGARY INTL A,5,,,M,,7.3,3.0,M,,3031092,93.0,14,,2024-05-14,3031092.2024.5.14,,,,0.0,,,3.0,,,
-114.013333333333,51.1225,21.2,12.8,24.0,0.0,5.2,,AB,2024,CALGARY INTL A,5,,,,,4.4,0.0,,,3031092,90.0,15,,2024-05-15,3031092.2024.5.15,,27.0,,0.0,,,0.0,,,51.0
-114.013333333333,51.1225,16.7,11.3,46.0,0.0,6.7,,AB,2024,CALGARY INTL A,5,,,,,5.8,1.5,,,3031092,92.0,16,,2024-05-16,3031092.2024.5.16,,34.0,,0.0,,,1.5,,,61.0
-114.013333333333,51.1225,11.0,6.5,40.0,0.0,11.5,,AB,2024,CALGARY INTL A,5,,,,,2.0,7.2,,,3031092,94.0,17,,2024-05-17,3031092.2024.5.17,,33.0,,0.0,,,7.2,,,51.0
-114.013333333333,51.1225,12.0,7.9,31.0,0.0,10.1,,AB,2024,CALGARY INTL A,5,,,,,3.8,0.6,,,3031092,70.0,18,,2024-05-18,3031092.2024.5.18,,32.0,,0.0,,,0.6,,,54.0
-114.013333333333,51.1225,12.3,7.2,36.0,0.0,10.8,,AB,2024,CALGARY INTL A,5,,,,,2.0,4.8,,,3031092,88.0,19,,2024-05-19,3031092.2024.5.19,,32.0,,0.0,,,4.8,,,68.0
-114.013333333333,51.1225,9.5,6.4,62.0,0.0,11.6,,AB,2024,CALGARY INTL A,5,,,,,3.3,1.0,,,3031092,92.0,20,,2024-05-20,3031092.2024.5.20,,33.0,,0.0,,,1.0,,,51.0
-114.013333333333,51.1225,15.0,9.4,34.0,0.0,8.6,,AB,2024,CALGARY INTL A,5,,,,,3.8,1.9,,,3031092,97.0,21,,2024-05-21,3031092.2024.5.21,,9.0,,0.0,,,1.9,,,42.0
-114.013333333333,51.1225,11.2,8.3,61.0,0.0,9.7,,AB,2024,CALGARY INTL A,5,,,,,5.4,2.9,,,3031092,98.0,22,,2024-05-22,3031092.2024.5.22,,11.0,,0.0,,,2.9,,,35.0
-114.013333333333,51.1225,11.4,8.5,56.0,0.0,9.5,,AB,2024,CALGARY INTL A,5,,,,,5.5,5.4,,,3031092,87.0,23,,2024-05-23,3031092.2024.5.23,,36.0,,0.0,,,5.4,,,44.0
-114.013333333333,51.1225,13.7,8.1,47.0,0.0,9.9,,AB,2024,CALGARY INTL A,5,,,,,2.4,3.5,,,3031092,95.0,24,,2024-05-24,3031092.2024.5.24,,33.0,,0.0,,,3.5,,,47.0
-114.013333333333,51.1225,15.4,9.2,48.0,0.0,8.8,,AB,2024,CALGARY INTL A,5,,,,,3.0,3.6,,,3031092,92.0,25,,2024-05-25,3031092.2024.5.25,,30.0,,0.0,,,3.6,,,58.0
-114.013333333333,51.1225,16.7,11.0,29.0,0.0,7.0,,AB,2024,CALGARY INTL A,5,,,,,5.3,1.4,,,3031092,86.0,26,,2024-05-26,3031092.2024.5.26,,31.0,,0.0,,,1.4,,,47.0
-114.013333333333,51.1225,20.9,12.2,24.0,0.0,5.8,,AB,2024,CALGARY INTL A,5,,,,,3.4,0.0,,,3031092,83.0,27,,2024-05-27,3031092.2024.5.27,,26.0,,0.0,,,0.0,,,36.0
-114.013333333333,51.1225,22.7,16.5,29.0,0.0,1.5,,AB,2024,CALGARY INTL A,5,,,,,10.2,0.0,,,3031092,60.0,28,,2024-05-28,3031092.2024.5.28,,20.0,,0.0,,,0.0,,,58.0
-114.013333333333,51.1225,17.2,11.5,15.0,0.0,6.5,,AB,2024,CALGARY INTL A,5,,,,,5.7,1.6,,,3031092,79.0,29,,2024-05-29,3031092.2024.5.29,,35.0,,0.0,,,1.6,,,58.0
-114.013333333333,51.1225,14.8,9.4,26.0,0.0,8.6,,AB,2024,CALGARY INTL A,5,,,,,3.9,0.7,,,3031092,86.0,30,,2024-05-30,3031092.2024.5.30,,31.0,,0.0,,,0.7,,,51.0
-114.013333333333,51.1225,15.9,10.2,20.0,0.0,7.8,T,AB,2024,CALGARY INTL A,5,T,,,,4.5,0.0,,,3031092,49.0,31,,2024-05-31,3031092.2024.5.31,,31.0,,0.0,,,0.0,,,54.0
-114.013333333333,51.1225,18.1,10.7,29.0,0.0,7.3,T,AB,2024,CALGARY INTL A,6,T,,,,3.2,0.0,,,3031092,61.0,1,,2024-06-01,3031092.2024.6.1,,32.0,,0.0,,,0.0,,,46.0
-114.013333333333,51.1225,20.0,13.0,30.0,0.0,5.0,,AB,2024,CALGARY INTL A,6,,,,,6.0,0.0,,,3031092,77.0,2,,2024-06-02,3031092.2024.6.2,,11.0,,0.0,,,0.0,,,46.0
-114.013333333333,51.1225,20.0,14.7,34.0,0.0,3.3,,AB,2024,CALGARY INTL A,6,,,,,9.3,2.8,,,3031092,80.0,3,,2024-06-03,3031092.2024.6.3,,18.0,,0.0,,,2.8,,,53.0
-114.013333333333,51.1225,19.1,12.2,21.0,0.0,5.8,,AB,2024,CALGARY INTL A,6,,,,,5.2,0.0,,,3031092,68.0,4,,2024-06-04,3031092.2024.6.4,,25.0,,0.0,,,0.0,,,64.0
-114.013333333333,51.1225,19.0,13.1,20.0,0.0,4.9,,AB,2024,CALGARY INTL A,6,,,,,7.2,0.0,,,3031092,41.0,5,,2024-06-05,3031092.2024.6.5,,29.0,,0.0,,,0.0,,,50.0
-114.013333333333,51.1225,22.3,12.1,20.0,0.0,5.9,,AB,2024,CALGARY INTL A,6,,,,,1.8,0.0,,,3031092,59.0,6,,2024-06-06,3031092.2024.6.6,,24.0,,0.0,,,0.0,,,43.0
-114.013333333333,51.1225,19.7,13.6,24.0,0.0,4.4,,AB,2024,CALGARY INTL A,6,,,,,7.4,0.0,,,3031092,60.0,7,,2024-06-07,3031092.2024.6.7,,35.0,,0.0,,,0.0,,,47.0
-114.013333333333,51.1225,13.9,9.9,29.0,0.0,8.1,,AB,2024,CALGARY INTL A,6,,,,,5.8,0.0,,,3031092,72.0,8,,2024-06-08,3031092.2024.6.8,,36.0,,0.0,,,0.0,,,58.0
-114.013333333333,51.1225,18.7,11.9,37.0,0.0,6.1,,AB,2024,CALGARY INTL A,6,,,,,5.1,0.0,,,3031092,75.0,9,,2024-06-09,3031092.2024.6.9,,14.0,,0.0,,,0.0,,,50.0
-114.013333333333,51.1225,23.0,17.0,24.0,0.0,1.0,,AB,2024,CALGARY INTL A,6,,,,,11.0,1.4,,,3031092,91.0,10,,2024-06-10,3031092.2024.6.10,,2.0,,0.0,,,1.4,,,44.0
-114.013333333333,51.1225,26.2,17.6,18.0,0.0,0.4,T,AB,2024,CALGARY INTL A,6,T,,,,9.0,0.0,,,3031092,60.0,11,,2024-06-11,3031092.2024.6.11,,30.0,,0.0,,,0.0,,,98.0
-114.013333333333,51.1225,21.5,13.5,19.0,0.0,4.5,,AB,2024,CALGARY INTL A,6,,,,,5.5,0.4,,,3031092,66.0,12,,2024-06-12,3031092.2024.6.12,,28.0,,0.0,,,0.4,,,65.0
-114.013333333333,51.1225,22.4,13.8,24.0,0.0,4.2,,AB,2024,CALGARY INTL A,6,,,,,5.2,0.0,,,3031092,67.0,13,,2024-06-13,3031092.2024.6.13,,16.0,,0.0,,,0.0,,,45.0
-114.013333333333,51.1225,25.4,18.6,13.0,0.6,0.0,,AB,2024,CALGARY INTL A,6,,,,,11.7,0.0,,,3031092,65.0,14,,2024-06-14,3031092.2024.6.14,,29.0,,0.0,,,0.0,,,67.0
-114.013333333333,51.1225,15.2,10.9,40.0,0.0,7.1,,AB,2024,CALGARY INTL A,6,,,,,6.5,20.0,,,3031092,92.0,15,,2024-06-15,3031092.2024.6.15,,21.0,,0.0,,,20.0,,,50.0
-114.013333333333,51.1225,13.7,9.9,46.0,0.0,8.1,,AB,2024,CALGARY INTL A,6,,,,,6.0,1.5,,,3031092,88.0,16,,2024-06-16,3031092.2024.6.16,,33.0,,0.0,,,1.5,,,63.0
-114.013333333333,51.1225,13.3,8.2,43.0,0.0,9.8,,AB,2024,CALGARY INTL A,6,,,,,3.0,3.6,,,3031092,92.0,17,,2024-06-17,3031092.2024.6.17,,32.0,,0.0,,,3.6,,,50.0
-114.013333333333,51.1225,11.8,7.8,51.0,0.0,10.2,,AB,2024,CALGARY INTL A,6,,,M,,3.7,6.0,M,,3031092,89.0,18,,2024-06-18,3031092.2024.6.18,,,,0.0,,,6.0,,,
-114.013333333333,51.1225,15.7,9.0,38.0,0.0,9.0,T,AB,2024,CALGARY INTL A,6,T,,,,2.2,0.0,,,3031092,92.0,19,,2024-06-19,3031092.2024.6.19,,22.0,,0.0,,,0.0,,,32.0
-114.013333333333,51.1225,20.1,12.8,25.0,0.0,5.2,,AB,2024,CALGARY INTL A,6,,,,,5.5,0.0,,,3031092,80.0,20,,2024-06-20,3031092.2024.6.20,,21.0,,0.0,,,0.0,,,39.0
-114.013333333333,51.1225,21.7,14.3,33.0,0.0,3.7,,AB,2024,CALGARY INTL A,6,,,,,6.8,0.0,,,3031092,83.0,21,,2024-06-21,3031092.2024.6.21,,19.0,,0.0,,,0.0,,,43.0
-114.013333333333,51.1225,26.4,16.6,19.0,0.0,1.4,,AB,2024,CALGARY INTL A,6,,,,,6.8,0.0,,,3031092,76.0,22,,2024-06-22,3031092.2024.6.22,,18.0,,0.0,,,0.0,,,44.0
-114.013333333333,51.1225,27.4,19.6,19.0,1.6,0.0,,AB,2024,CALGARY INTL A,6,,,,,11.8,0.0,,,3031092,73.0,23,,2024-06-23,3031092.2024.6.23,,28.0,,0.0,,,0.0,,,80.0
-114.013333333333,51.1225,23.2,16.1,17.0,0.0,1.9,,AB,2024,CALGARY INTL A,6,,,,,9.0,0.0,,,3031092,55.0,24,,2024-06-24,3031092.2024.6.24,,30.0,,0.0,,,0.0,,,49.0
-114.013333333333,51.1225,21.4,15.5,34.0,0.0,2.5,,AB,2024,CALGARY INTL A,6,,,,,9.5,0.0,,,3031092,68.0,25,,2024-06-25,3031092.2024.6.25,,6.0,,0.0,,,0.0,,,36.0
-114.013333333333,51.1225,23.1,16.8,39.0,0.0,1.2,,AB,2024,CALGARY INTL A,6,,,,,10.4,2.3,,,3031092,83.0,26,,2024-06-26,3031092.2024.6.26,,14.0,,0.0,,,2.3,,,54.0
-114.013333333333,51.1225,15.1,12.6,61.0,0.0,5.4,,AB,2024,CALGARY INTL A,6,,,,,10.0,19.4,,,3031092,97.0,27,,2024-06-27,3031092.2024.6.27,,1.0,,0.0,,,19.4,,,62.0
-114.013333333333,51.1225,19.3,13.8,41.0,0.0,4.2,,AB,2024,CALGARY INTL A,6,,,,,8.3,15.6,,,3031092,96.0,28,,2024-06-28,3031092.2024.6.28,,1.0,,0.0,,,15.6,,,56.0
-114.013333333333,51.1225,22.7,15.2,39.0,0.0,2.8,,AB,2024,CALGARY INTL A,6,,,,,7.7,0.0,,,3031092,93.0,29,,2024-06-29,3031092.2024.6.29,,14.0,,0.0,,,0.0,,,45.0
-114.013333333333,51.1225,19.7,15.9,65.0,0.0,2.1,,AB,2024,CALGARY INTL A,6,,,,,12.0,10.3,,,3031092,91.0,30,,2024-06-30,3031092.2024.6.30,,32.0,,0.0,,,10.3,,,44.0
-114.013333333333,51.1225,21.7,17.0,46.0,0.0,1.0,,AB,2024,CALGARY INTL A,7,,,,,12.3,1.6,,,3031092,90.0,1,,2024-07-01,3031092.2024.7.1,,32.0,,0.0,,,1.6,,,64.0
-114.013333333333,51.1225,20.8,15.4,41.0,0.0,2.6,,AB,2024,CALGARY INTL A,7,,,,,10.0,19.8,,,3031092,88.0,2,,2024-07-02,3031092.2024.7.2,,2.0,,0.0,,,19.8,,,53.0
-114.013333333333,51.1225,17.2,13.8,62.0,0.0,4.2,,AB,2024,CALGARY INTL A,7,,,,,10.3,5.2,,,3031092,93.0,3,,2024-07-03,3031092.2024.7.3,,32.0,,0.0,,,5.2,,,54.0
-114.013333333333,51.1225,21.4,15.8,45.0,0.0,2.2,,AB,2024,CALGARY INTL A,7,,,,,10.2,18.4,,,3031092,85.0,4,,2024-07-04,3031092.2024.7.4,,36.0,,0.0,,,18.4,,,46.0
-114.013333333333,51.1225,23.6,16.6,31.0,0.0,1.4,,AB,2024,CALGARY INTL A,7,,,,,9.6,0.4,,,3031092,90.0,5,,2024-07-05,3031092.2024.7.5,,12.0,,0.0,,,0.4,,,36.0
-114.013333333333,51.1225,23.3,18.5,36.0,0.5,0.0,T,AB,2024,CALGARY INTL A,7,T,,,,13.6,0.0,,,3031092,71.0,6,,2024-07-06,3031092.2024.7.6,,1.0,,0.0,,,0.0,,,38.0
-114.013333333333,51.1225,26.9,19.3,34.0,1.3,0.0,,AB,2024,CALGARY INTL A,7,,,,,11.6,0.0,,,3031092,79.0,7,,2024-07-07,3031092.2024.7.7,,16.0,,0.0,,,0.0,,,40.0
-114.013333333333,51.1225,29.8,21.9,27.0,3.9,0.0,,AB,2024,CALGARY INTL A,7,,,,,14.0,0.0,,,3031092,76.0,8,,2024-07-08,3031092.2024.7.8,,33.0,,0.0,,,0.0,,,35.0
-114.013333333333,51.1225,29.2,22.4,44.0,4.4,0.0,,AB,2024,CALGARY INTL A,7,,,,,15.6,0.0,,,3031092,87.0,9,,2024-07-09,3031092.2024.7.9,,14.0,,0.0,,,0.0,,,47.0
-114.013333333333,51.1225,34.2,25.5,12.0,7.5,0.0,,AB,2024,CALGARY INTL A,7,,,,,16.8,0.0,,,3031092,82.0,10,,2024-07-10,3031092.2024.7.10,,25.0,,0.0,,,0.0,,,33.0
-114.013333333333,51.1225,,,,,,,AB,2024,CALGARY INTL A,7,,,,M,,0.0,,M,3031092,,11,M,2024-07-11,3031092.2024.7.11,,35.0,M,0.0,,M,0.0,M,M,45.0
-114.013333333333,51.1225,24.1,19.7,38.0,1.7,0.0,,AB,2024,CALGARY INTL A,7,,,,,15.2,0.0,,,3031092,73.0,12,,2024-07-12,3031092.2024.7.12,,9.0,,0.0,,,0.0,,,64.0
-114.013333333333,51.1225,28.0,19.8,36.0,1.8,0.0,,AB,2024,CALGARY INTL A,7,,,,,11.5,0.0,,,3031092,79.0,13,,2024-07-13,3031092.2024.7.13,,4.0,,0.0,,,0.0,,,42.0
-114.013333333333,51.1225,22.4,18.1,46.0,0.1,0.0,,AB,2024,CALGARY INTL A,7,,,,,13.8,0.0,,,3031092,80.0,14,,2024-07-14,3031092.2024.7.14,,4.0,,0.0,,,0.0,,,40.0
-114.013333333333,51.1225,28.4,20.7,28.0,2.7,0.0,,AB,2024,CALGARY INTL A,7,,,,,13.0,0.0,,,3031092,88.0,15,,2024-07-15,3031092.2024.7.15,,3.0,,0.0,,,0.0,,,42.0
-114.013333333333,51.1225,29.1,22.9,43.0,4.9,0.0,,AB,2024,CALGARY INTL A,7,,,,,16.6,0.0,,,3031092,78.0,16,,2024-07-16,3031092.2024.7.16,,17.0,,0.0,,,0.0,,,38.0
-114.013333333333,51.1225,31.6,24.0,29.0,6.0,0.0,,AB,2024,CALGARY INTL A,7,,,,,16.3,0.0,,,3031092,82.0,17,,2024-07-17,3031092.2024.7.17,,15.0,,0.0,,,0.0,,,34.0
-114.013333333333,51.1225,32.2,24.1,22.0,6.1,0.0,,AB,2024,CALGARY INTL A,7,,,,,16.0,0.0,,,3031092,81.0,18,,2024-07-18,3031092.2024.7.18,,23.0,,0.0,,,0.0,,,44.0
-114.013333333333,51.1225,32.7,24.3,21.0,6.3,0.0,,AB,2024,CALGARY INTL A,7,,,,,15.8,0.0,,,3031092,71.0,19,,2024-07-19,3031092.2024.7.19,,34.0,,0.0,,,0.0,,,49.0
-114.013333333333,51.1225,30.6,23.8,35.0,5.8,0.0,,AB,2024,CALGARY INTL A,7,,,M,,16.9,0.0,M,,3031092,69.0,20,,2024-07-20,3031092.2024.7.20,,,,0.0,,,0.0,,,
-114.013333333333,51.1225,32.6,24.2,23.0,6.2,0.0,,AB,2024,CALGARY INTL A,7,,,,,15.8,0.0,,,3031092,83.0,21,,2024-07-21,3031092.2024.7.21,,17.0,,0.0,,,0.0,,,35.0
-114.013333333333,51.1225,32.3,25.3,27.0,7.3,0.0,,AB,2024,CALGARY INTL A,7,,,,,18.2,0.0,,,3031092,71.0,22,,2024-07-22,3031092.2024.7.22,,17.0,,0.0,,,0.0,,,46.0
-114.013333333333,51.1225,34.5,25.4,13.0,7.4,0.0,,AB,2024,CALGARY INTL A,7,,,,,16.2,0.0,,,3031092,88.0,23,,2024-07-23,3031092.2024.7.23,,6.0,,0.0,,,0.0,,,36.0
-114.013333333333,51.1225,32.7,25.9,15.0,7.9,0.0,,AB,2024,CALGARY INTL A,7,,,,,19.1,0.0,,,3031092,91.0,24,,2024-07-24,3031092.2024.7.24,,14.0,,0.0,,,0.0,,,46.0
-114.013333333333,51.1225,21.0,17.6,27.0,0.0,0.4,T,AB,2024,CALGARY INTL A,7,T,,,,14.1,0.0,,,3031092,94.0,25,,2024-07-25,3031092.2024.7.25,,28.0,,0.0,,,0.0,,,61.0
-114.013333333333,51.1225,22.6,18.1,24.0,0.1,0.0,,AB,2024,CALGARY INTL A,7,,,,,13.5,0.0,,,3031092,43.0,26,,2024-07-26,3031092.2024.7.26,,30.0,,0.0,,,0.0,,,59.0
-114.013333333333,51.1225,23.0,15.7,29.0,0.0,2.3,,AB,2024,CALGARY INTL A,7,,,,,8.3,0.6,,,3031092,70.0,27,,2024-07-27,3031092.2024.7.27,,30.0,,0.0,,,0.6,,,39.0
-114.013333333333,51.1225,26.5,19.2,24.0,1.2,0.0,,AB,2024,CALGARY INTL A,7,,,,,11.8,0.0,,,3031092,65.0,28,,2024-07-28,3031092.2024.7.28,,33.0,,0.0,,,0.0,,,31.0
-114.013333333333,51.1225,27.7,19.0,23.0,1.0,0.0,,AB,2024,CALGARY INTL A,7,,,,,10.3,0.0,,,3031092,74.0,29,,2024-07-29,3031092.2024.7.29,,29.0,,0.0,,,0.0,,,44.0
-114.013333333333,51.1225,26.8,20.1,29.0,2.1,0.0,,AB,2024,CALGARY INTL A,7,,,,,13.3,0.0,,,3031092,85.0,30,,2024-07-30,3031092.2024.7.30,,29.0,,0.0,,,0.0,,,37.0
-114.013333333333,51.1225,,,,,,,AB,2024,CALGARY INTL A,7,,,,M,,0.0,,M,3031092,,31,M,2024-07-31,3031092.2024.7.31,,2.0,M,0.0,,M,0.0,M,M,46.0
-114.013333333333,51.1225,31.5,22.5,27.0,4.5,0.0,,AB,2024,CALGARY INTL A,8,,,,,13.5,0.0,,,3031092,77.0,1,,2024-08-01,3031092.2024.8.1,,18.0,,0.0,,,0.0,,,45.0
-114.013333333333,51.1225,28.1,21.4,30.0,3.4,0.0,,AB,2024,CALGARY INTL A,8,,,,,14.7,0.0,,,3031092,63.0,2,,2024-08-02,3031092.2024.8.2,,36.0,,0.0,,,0.0,,,51.0
-114.013333333333,51.1225,28.0,21.0,38.0,3.0,0.0,T,AB,2024,CALGARY INTL A,8,T,,,,13.9,0.0,,,3031092,77.0,3,,2024-08-03,3031092.2024.8.3,,35.0,,0.0,,,0.0,,,63.0
-114.013333333333,51.1225,25.7,18.8,39.0,0.8,0.0,,AB,2024,CALGARY INTL A,8,,,,,11.9,0.0,,,3031092,88.0,4,,2024-08-04,3031092.2024.8.4,,19.0,,0.0,,,0.0,,,40.0
-114.013333333333,51.1225,24.2,18.2,45.0,0.2,0.0,,AB,2024,CALGARY INTL A,8,,,,,12.2,52.7,,,3031092,95.0,5,,2024-08-05,3031092.2024.8.5,,33.0,,0.0,,,52.7,,,65.0
-114.013333333333,51.1225,16.8,14.6,72.0,0.0,3.4,,AB,2024,CALGARY INTL A,8,,T,,,12.4,7.2,,,3031092,98.0,6,,2024-08-06,3031092.2024.8.6,,3.0,,0.0,,,7.2,,,31.0
-114.013333333333,51.1225,18.2,15.0,48.0,0.0,3.0,,AB,2024,CALGARY INTL A,8,,T,,,11.8,1.0,,,3031092,97.0,7,,2024-08-07,3031092.2024.8.7,,6.0,,0.0,,,1.0,,,31.0
-114.013333333333,51.1225,21.5,14.3,42.0,0.0,3.7,,AB,2024,CALGARY INTL A,8,,,,,7.0,0.0,,,3031092,92.0,8,,2024-08-08,3031092.2024.8.8,,14.0,,0.0,,,0.0,,,31.0
-114.013333333333,51.1225,23.5,16.8,35.0,0.0,1.2,,AB,2024,CALGARY INTL A,8,,,,,10.1,0.0,,,3031092,78.0,9,,2024-08-09,3031092.2024.8.9,,16.0,,0.0,,,0.0,,,40.0
-114.013333333333,51.1225,24.2,17.5,32.0,0.0,0.5,,AB,2024,CALGARY INTL A,8,,,,,10.7,0.0,,,3031092,73.0,10,,2024-08-10,3031092.2024.8.10,,14.0,,0.0,,,0.0,,,45.0
-114.013333333333,51.1225,25.8,17.7,32.0,0.0,0.3,,AB,2024,CALGARY INTL A,8,,,,,9.5,0.0,,,3031092,85.0,11,,2024-08-11,3031092.2024.8.11,,14.0,,0.0,,,0.0,,,31.0
-114.013333333333,51.1225,25.8,18.4,39.0,0.4,0.0,,AB,2024,CALGARY INTL A,8,,,,,10.9,0.3,,,3031092,78.0,12,,2024-08-12,3031092.2024.8.12,,23.0,,0.0,,,0.3,,,43.0
-114.013333333333,51.1225,25.5,18.1,32.0,0.1,0.0,,AB,2024,CALGARY INTL A,8,,,,,10.7,0.0,,,3031092,81.0,13,,2024-08-13,3031092.2024.8.13,,33.0,,0.0,,,0.0,,,43.0
-114.013333333333,51.1225,24.1,18.3,43.0,0.3,0.0,,AB,2024,CALGARY INTL A,8,,,M,,12.4,0.0,M,,3031092,76.0,14,,2024-08-14,3031092.2024.8.14,,,,0.0,,,0.0,,,
-114.013333333333,51.1225,25.2,18.1,43.0,0.1,0.0,,AB,2024,CALGARY INTL A,8,,,,,11.0,0.0,,,3031092,85.0,15,,2024-08-15,3031092.2024.8.15,,16.0,,0.0,,,0.0,,,42.0
-114.013333333333,51.1225,19.3,16.8,59.0,0.0,1.2,,AB,2024,CALGARY INTL A,8,,,,,14.2,1.2,,,3031092,94.0,16,,2024-08-16,3031092.2024.8.16,,20.0,,0.0,,,1.2,,,47.0
-114.013333333333,51.1225,22.6,18.0,54.0,0.0,0.0,,AB,2024,CALGARY INTL A,8,,,,,13.3,0.5,,,3031092,96.0,17,,2024-08-17,3031092.2024.8.17,,19.0,,0.0,,,0.5,,,33.0
-114.013333333333,51.1225,26.8,18.7,39.0,0.7,0.0,,AB,2024,CALGARY INTL A,8,,,,,10.5,0.0,,,3031092,93.0,18,,2024-08-18,3031092.2024.8.18,,13.0,,0.0,,,0.0,,,43.0
-114.013333333333,51.1225,31.1,21.8,18.0,3.8,0.0,,AB,2024,CALGARY INTL A,8,,,,,12.5,0.0,,,3031092,87.0,19,,2024-08-19,3031092.2024.8.19,,18.0,,0.0,,,0.0,,,43.0
-114.013333333333,51.1225,,,,,,,AB,2024,CALGARY INTL A,8,,,,M,,0.0,,M,3031092,,20,M,2024-08-20,3031092.2024.8.20,,31.0,M,0.0,,M,0.0,M,M,40.0
-114.013333333333,51.1225,18.6,15.0,47.0,0.0,3.0,,AB,2024,CALGARY INTL A,8,,,,,11.4,0.9,,,3031092,83.0,21,,2024-08-21,3031092.2024.8.21,,32.0,,0.0,,,0.9,,,47.0
-114.013333333333,51.1225,21.7,16.6,41.0,0.0,1.4,,AB,2024,CALGARY INTL A,8,,,,,11.4,0.0,,,3031092,86.0,22,,2024-08-22,3031092.2024.8.22,,15.0,,0.0,,,0.0,,,45.0
-114.013333333333,51.1225,26.0,17.5,35.0,0.0,0.5,,AB,2024,CALGARY INTL A,8,,,,,8.9,2.2,,,3031092,89.0,23,,2024-08-23,3031092.2024.8.23,,12.0,,0.0,,,2.2,,,80.0
-114.013333333333,51.1225,21.5,16.2,25.0,0.0,1.8,,AB,2024,CALGARY INTL A,8,,,,,10.9,0.0,,,3031092,94.0,24,,2024-08-24,3031092.2024.8.24,,21.0,,0.0,,,0.0,,,58.0
-114.013333333333,51.1225,23.4,15.9,29.0,0.0,2.1,,AB,2024,CALGARY INTL A,8,,,M,,8.4,0.0,M,,3031092,61.0,25,,2024-08-25,3031092.2024.8.25,,,,0.0,,,0.0,,,
-114.013333333333,51.1225,24.9,16.6,28.0,0.0,1.4,,AB,2024,CALGARY INTL A,8,,,,,8.2,0.0,,,3031092,69.0,26,,2024-08-26,3031092.2024.8.26,,29.0,,0.0,,,0.0,,,32.0
-114.013333333333,51.1225,25.1,16.8,21.0,0.0,1.2,T,AB,2024,CALGARY INTL A,8,T,,,,8.4,0.0,,,3031092,74.0,27,,2024-08-27,3031092.2024.8.27,,34.0,,0.0,,,0.0,,,67.0
-114.013333333333,51.1225,12.4,9.8,68.0,0.0,8.2,,AB,2024,CALGARY INTL A,8,,,,,7.2,20.0,,,3031092,95.0,28,,2024-08-28,3031092.2024.8.28,,33.0,,0.0,,,20.0,,,72.0
-114.013333333333,51.1225,23.1,14.6,32.0,0.0,3.4,,AB,2024,CALGARY INTL A,8,,,,,6.0,0.4,,,3031092,90.0,29,,2024-08-29,3031092.2024.8.29,,28.0,,0.0,,,0.4,,,44.0
-114.013333333333,51.1225,25.3,17.1,29.0,0.0,0.9,,AB,2024,CALGARY INTL A,8,,,,,8.8,0.0,,,3031092,74.0,30,,2024-08-30,3031092.2024.8.30,,28.0,,0.0,,,0.0,,,49.0
-114.013333333333,51.1225,24.8,16.7,35.0,0.0,1.3,,AB,2024,CALGARY INTL A,8,,,,,8.6,0.0,,,3031092,85.0,31,,2024-08-31,3031092.2024.8.31,,18.0,,0.0,,,0.0,,,39.0
-114.013333333333,51.1225,29.9,19.9,21.0,1.9,0.0,,AB,2024,CALGARY INTL A,9,,,M,,9.9,0.0,M,,3031092,82.0,1,,2024-09-01,3031092.2024.9.1,,,,0.0,,,0.0,,,
-114.013333333333,51.1225,31.1,21.8,18.0,3.8,0.0,,AB,2024,CALGARY INTL A,9,,,,,12.5,0.4,,,3031092,66.0,2,,2024-09-02,3031092.2024.9.2,,11.0,,0.0,,,0.4,,,44.0
-114.013333333333,51.1225,25.4,20.3,36.0,2.3,0.0,,AB,2024,CALGARY INTL A,9,,,,,15.2,0.0,,,3031092,68.0,3,,2024-09-03,3031092.2024.9.3,,34.0,,0.0,,,0.0,,,46.0
-114.013333333333,51.1225,18.6,14.8,47.0,0.0,3.2,,AB,2024,CALGARY INTL A,9,,,M,,11.0,0.0,M,,3031092,82.0,4,,2024-09-04,3031092.2024.9.4,,,,0.0,,,0.0,,,
-114.013333333333,51.1225,27.0,17.8,25.0,0.0,0.2,,AB,2024,CALGARY INTL A,9,,,M,,8.5,0.0,M,,3031092,83.0,5,,2024-09-05,3031092.2024.9.5,,,,0.0,,,0.0,,,
-114.013333333333,51.1225,31.7,20.3,12.0,2.3,0.0,,AB,2024,CALGARY INTL A,9,,,M,,8.9,0.0,M,,3031092,74.0,6,,2024-09-06,3031092.2024.9.6,,,,0.0,,,0.0,,,
-114.013333333333,51.1225,30.6,20.6,14.0,2.6,0.0,,AB,2024,CALGARY INTL A,9,,,M,,10.6,0.0,M,,3031092,61.0,7,,2024-09-07,3031092.2024.9.7,,,,0.0,,,0.0,,,
-114.013333333333,51.1225,30.2,20.3,14.0,2.3,0.0,,AB,2024,CALGARY INTL A,9,,,M,,10.3,0.0,M,,3031092,69.0,8,,2024-09-08,3031092.2024.9.8,,,,0.0,,,0.0,,,
-114.013333333333,51.1225,27.7,20.3,22.0,2.3,0.0,,AB,2024,CALGARY INTL A,9,,,,,12.8,0.0,,,3031092,64.0,9,,2024-09-09,3031092.2024.9.9,,35.0,,0.0,,,0.0,,,53.0
-114.013333333333,51.1225,16.9,12.7,47.0,0.0,5.3,,AB,2024,CALGARY INTL A,9,,,,,8.4,12.9,,,3031092,96.0,10,,2024-09-10,3031092.2024.9.10,,32.0,,0.0,,,12.9,,,35.0
-114.013333333333,51.1225,13.8,11.1,66.0,0.0,6.9,,AB,2024,CALGARY INTL A,9,,,M,,8.3,1.4,M,,3031092,93.0,11,,2024-09-11,3031092.2024.9.11,,,,0.0,,,1.4,,,
-114.013333333333,51.1225,10.8,10.1,89.0,0.0,7.9,,AB,2024,CALGARY INTL A,9,,,,,9.3,42.9,,,3031092,98.0,12,,2024-09-12,3031092.2024.9.12,,33.0,,0.0,,,42.9,,,49.0
-114.013333333333,51.1225,19.7,14.9,39.0,0.0,3.1,T,AB,2024,CALGARY INTL A,9,T,,,,10.0,0.0,,,3031092,89.0,13,,2024-09-13,3031092.2024.9.13,,34.0,,0.0,,,0.0,,,46.0
-114.013333333333,51.1225,15.9,11.3,59.0,0.0,6.7,T,AB,2024,CALGARY INTL A,9,T,,,,6.6,0.0,,,3031092,93.0,14,,2024-09-14,3031092.2024.9.14,,36.0,,0.0,,,0.0,,,37.0
-114.013333333333,51.1225,18.5,11.0,42.0,0.0,7.0,,AB,2024,CALGARY INTL A,9,,,M,,3.5,0.0,M,,3031092,95.0,15,,2024-09-15,3031092.2024.9.15,,,,0.0,,,0.0,,,
-114.013333333333,51.1225,21.3,12.9,30.0,0.0,5.1,,AB,2024,CALGARY INTL A,9,,,M,,4.5,0.0,M,,3031092,91.0,16,,2024-09-16,3031092.2024.9.16,,,,0.0,,,0.0,,,
-114.013333333333,51.1225,20.2,13.2,44.0,0.0,4.8,,AB,2024,CALGARY INTL A,9,,,,,6.2,0.0,,,3031092,87.0,17,,2024-09-17,3031092.2024.9.17,,14.0,,0.0,,,0.0,,,33.0
-114.013333333333,51.1225,20.7,13.5,47.0,0.0,4.5,,AB,2024,CALGARY INTL A,9,,,,,6.2,0.5,,,3031092,91.0,18,,2024-09-18,3031092.2024.9.18,,1.0,,0.0,,,0.5,,,54.0
-114.013333333333,51.1225,19.2,12.7,43.0,0.0,5.3,T,AB,2024,CALGARY INTL A,9,T,,,,6.1,0.0,,,3031092,96.0,19,,2024-09-19,3031092.2024.9.19,,35.0,,0.0,,,0.0,,,36.0
-114.013333333333,51.1225,12.6,8.5,56.0,0.0,9.5,,AB,2024,CALGARY INTL A,9,,,,,4.3,13.0,,,3031092,96.0,20,,2024-09-20,3031092.2024.9.20,,34.0,,0.0,,,13.0,,,57.0
-114.013333333333,51.1225,16.4,8.4,38.0,0.0,9.6,,AB,2024,CALGARY INTL A,9,,,M,,0.4,0.0,M,,3031092,93.0,21,,2024-09-21,3031092.2024.9.21,,,,0.0,,,0.0,,,
-114.013333333333,51.1225,21.9,13.8,31.0,0.0,4.2,T,AB,2024,CALGARY INTL A,9,T,,,,5.7,0.0,,,3031092,83.0,22,,2024-09-22,3031092.2024.9.22,,30.0,,0.0,,,0.0,,,46.0
-114.013333333333,51.1225,23.4,14.7,34.0,0.0,3.3,,AB,2024,CALGARY INTL A,9,,,,,6.0,0.0,,,3031092,87.0,23,,2024-09-23,3031092.2024.9.23,,28.0,,0.0,,,0.0,,,48.0
-114.013333333333,51.1225,25.4,20.1,32.0,2.1,0.0,,AB,2024,CALGARY INTL A,9,,,,,14.8,0.0,,,3031092,56.0,24,,2024-09-24,3031092.2024.9.24,,29.0,,0.0,,,0.0,,,51.0
-114.013333333333,51.1225,,,,,,,AB,2024,CALGARY INTL A,9,,,,M,,0.0,,M,3031092,,25,M,2024-09-25,3031092.2024.9.25,,22.0,M,0.0,,M,0.0,M,M,62.0
-114.013333333333,51.1225,18.5,12.8,44.0,0.0,5.2,,AB,2024,CALGARY INTL A,9,,,,,7.1,1.8,,,3031092,89.0,26,,2024-09-26,3031092.2024.9.26,,33.0,,0.0,,,1.8,,,60.0
-114.013333333333,51.1225,20.6,13.0,21.0,0.0,5.0,,AB,2024,CALGARY INTL A,9,,,,,5.4,0.0,,,3031092,71.0,27,,2024-09-27,3031092.2024.9.27,,27.0,,0.0,,,0.0,,,62.0
-114.013333333333,51.1225,,,,,,,AB,2024,CALGARY INTL A,9,,,M,M,,0.0,M,M,3031092,,28,M,2024-09-28,3031092.2024.9.28,,,M,0.0,,M,0.0,M,M,
-114.013333333333,51.1225,13.3,8.9,56.0,0.0,9.1,,AB,2024,CALGARY INTL A,9,,,,,4.5,1.1,,,3031092,79.0,29,,2024-09-29,3031092.2024.9.29,,32.0,,0.0,,,1.1,,,64.0
-114.013333333333,51.1225,13.5,8.1,20.0,0.0,9.9,,AB,2024,CALGARY INTL A,9,,,,,2.6,0.0,,,3031092,60.0,30,,2024-09-30,3031092.2024.9.30,,32.0,,0.0,,,0.0,,,46.0
-114.013333333333,51.1225,18.6,12.2,32.0,0.0,5.8,,AB,2024,CALGARY INTL A,10,,,,,5.7,0.0,,,3031092,61.0,1,,2024-10-01,3031092.2024.10.1,,29.0,,0.0,,,0.0,,,72.0
-114.013333333333,51.1225,10.9,6.6,36.0,0.0,11.4,,AB,2024,CALGARY INTL A,10,,,,,2.2,0.0,,,3031092,87.0,2,,2024-10-02,3031092.2024.10.2,,2.0,,0.0,,,0.0,,,51.0
-114.013333333333,51.1225,12.6,6.8,41.0,0.0,11.2,,AB,2024,CALGARY INTL A,10,,,,,0.9,0.0,,,3031092,84.0,3,,2024-10-03,3031092.2024.10.3,,17.0,,0.0,,,0.0,,,31.0
-114.013333333333,51.1225,21.1,10.9,20.0,0.0,7.1,,AB,2024,CALGARY INTL A,10,,,,,0.6,0.0,,,3031092,84.0,4,,2024-10-04,3031092.2024.10.4,,31.0,,0.0,,,0.0,,,57.0
-114.013333333333,51.1225,15.0,8.6,30.0,0.0,9.4,,AB,2024,CALGARY INTL A,10,,,,,2.2,0.0,,,3031092,66.0,5,,2024-10-05,3031092.2024.10.5,,28.0,,0.0,,,0.0,,,33.0
-114.013333333333,51.1225,18.3,12.5,36.0,0.0,5.5,,AB,2024,CALGARY INTL A,10,,,M,,6.7,0.0,M,,3031092,69.0,6,,2024-10-06,3031092.2024.10.6,,,,0.0,,,0.0,,,
-114.013333333333,51.1225,23.2,13.8,19.0,0.0,4.2,,AB,2024,CALGARY INTL A,10,,,,,4.3,0.0,,,3031092,62.0,7,,2024-10-07,3031092.2024.10.7,,29.0,,0.0,,,0.0,,,46.0
-114.013333333333,51.1225,22.3,13.8,27.0,0.0,4.2,,AB,2024,CALGARY INTL A,10,,,,,5.3,0.0,,,3031092,68.0,8,,2024-10-08,3031092.2024.10.8,,30.0,,0.0,,,0.0,,,53.0
-114.013333333333,51.1225,13.4,7.1,44.0,0.0,10.9,,AB,2024,CALGARY INTL A,10,,,M,,0.8,0.0,M,,3031092,84.0,9,,2024-10-09,3031092.2024.10.9,,,,0.0,,,0.0,,,
-114.013333333333,51.1225,12.8,7.4,39.0,0.0,10.6,,AB,2024,CALGARY INTL A,10,,,,,1.9,0.0,,,3031092,87.0,10,,2024-10-10,3031092.2024.10.10,,32.0,,0.0,,,0.0,,,48.0
-114.013333333333,51.1225,12.8,5.8,36.0,0.0,12.2,,AB,2024,CALGARY INTL A,10,,,M,,-1.2,0.0,M,,3031092,87.0,11,,2024-10-11,3031092.2024.10.11,,,,0.0,,,0.0,,,
-114.013333333333,51.1225,13.0,4.6,39.0,0.0,13.4,,AB,2024,CALGARY INTL A,10,,,M,,-3.9,0.0,M,,3031092,80.0,12,,2024-10-12,3031092.2024.10.12,,,,0.0,,,0.0,,,
-114.013333333333,51.1225,20.3,9.9,32.0,0.0,8.1,,AB,2024,CALGARY INTL A,10,,,M,,-0.6,0.0,M,,3031092,90.0,13,,2024-10-13,3031092.2024.10.13,,,,0.0,,,0.0,,,
-114.013333333333,51.1225,23.6,14.7,22.0,0.0,3.3,,AB,2024,CALGARY INTL A,10,,,,,5.7,0.0,,,3031092,65.0,14,,2024-10-14,3031092.2024.10.14,,30.0,,0.0,,,0.0,,,41.0
-114.013333333333,51.1225,15.9,11.5,52.0,0.0,6.5,,AB,2024,CALGARY INTL A,10,,,M,,7.0,0.0,M,,3031092,81.0,15,,2024-10-15,3031092.2024.10.15,,,,0.0,,,0.0,,,
