Date,***NGTL Field Receipts-Extrapolated,**Total Net Storage-Extrapolated,**Total Net Storage-NextDayNominated,**Total Net Storage-Prorated,*OTHER BORDERS-Extrapolated,*OTHER BORDERS-NextDayNominated,*OTHER BORDERS-Prorated,ALBERTA-B.C. BDR-Extrapolated,ALBERTA-B.C. BDR-NextDayNominated,ALBERTA-B.C. BDR-Prorated,EMPRESS BORDER-Extrapolated,EMPRESS BORDER-NextDayNominated,EMPRESS BORDER-Prorated,End of Day Linepack-Extrapolated,GORDONDALE BORDER-Extrapolated,GORDONDALE BORDER-NextDayNominated,GORDONDALE BORDER-Prorated,GROUNDBIRCH EAST-Extrapolated,GROUNDBIRCH EAST-NextDayNominated,GROUNDBIRCH EAST-Prorated,Gas Day-Extrapolated,Gas Day-NextDayNominated,Gas Day-Prorated,Intraprovincial-Extrapolated,Intraprovincial-NextDayNominated,Intraprovincial-Prorated,Linepack Change (Last 24 hours)-Extrapolated,Linepack Rate of Change-Extrapolated,Linepack Target-Extrapolated,MCNEILL BORDER-Extrapolated,MCNEILL BORDER-NextDayNominated,MCNEILL BORDER-Prorated,Tolerance Last Changed-Extrapolated,Tolerance-Extrapolated,Total NGTL Deliveries-Extrapolated,Total NGTL Deliveries-NextDayNominated,Total NGTL Deliveries-Prorated,Total NGTL Receipts-Extrapolated,Total NGTL Receipts-NextDayNominated,Total NGTL Receipts-Prorated,Total OBA Account (TJ)-Extrapolated,Total SD Account (TJ)-Extrapolated,Total Storage + Intraprovincial-Extrapolated,Total Storage + Intraprovincial-NextDayNominated,Total Storage + Intraprovincial-Prorated,Total Storage Deliveries-Extrapolated,Total Storage Deliveries-NextDayNominated,Total Storage Deliveries-Prorated,Total Storage Receipts-Extrapolated,Total Storage Receipts-NextDayNominated,Total Storage Receipts-Prorated,WILLOW VALLEY INTERCONNECT-Extrapolated,WILLOW VALLEY INTERCONNECT-NextDayNominated,WILLOW VALLEY INTERCONNECT-Prorated
2024-05-08,13235,-223,-801,-253,-386,-384,-377,-2699,-2111,-2658,-3982,-4098,-3990,19640,139,134,136,0,0,0,2024-May-08,2024-May-09,2024-May-08,-5522,-9990,-10385,24,-397,21012,-443,-599,-419,2024-Feb-22 at 08:00,-2/0 (%),-13441,-18513,-19060,13561,22329,22789,84.0,-236.2,-5932,-11320,-11616,-410,-1331,-1231,187,530,978,0,0,0
2024-05-07,12755,-346,-250,-332,-386,-377,-372,-2142,-2689,-2226,-3996,-4024,-3991,19616,137,136,137,0,0,0,2024-May-07,2024-May-08,2024-May-07,-5538,-10007,-10364,-219,310,21012,-470,-411,-429,2024-Feb-22 at 08:00,-2/0 (%),-12974,-18486,-18466,12987,22543,21941,91.4,-375.4,-5979,-10986,-11449,-441,-979,-1085,95,729,754,0,0,0
2024-05-06,12706,-266,-278,-179,-388,-375,-375,-2666,-2229,-2656,-4028,-3855,-4023,19835,189,139,179,0,0,0,2024-May-06,2024-May-07,2024-May-06,-5405,-10003,-10372,-300,-356,21365,-463,-445,-426,2024-Feb-22 at 08:00,-2/0 (%),-13439,-17810,-19001,13119,22382,22752,78.8,-413.7,-5895,-10906,-11520,-489,-902,-1148,223,625,969,0,0,0
2024-05-05,13843,-896,-288,-925,-395,-394,-371,-2667,-2673,-2696,-4034,-3971,-4030,20135,175,177,178,0,0,0,2024-May-05,2024-May-06,2024-May-05,-5549,-10002,-10380,-341,-1492,21365,-484,-486,-521,2024-Feb-22 at 08:00,-2/0 (%),-14025,-18472,-19614,14018,22438,22475,138.6,-71.4,-6445,-10948,-11997,-896,-945,-1617,0,657,691,0,0,0
2024-05-04,13941,-652,-722,-664,-374,-391,-399,-2683,-2701,-2695,-4073,-4031,-4068,20476,218,179,221,0,0,0,2024-May-04,2024-May-05,2024-May-04,-5637,-10012,-10394,300,205,21365,-473,-483,-479,2024-Feb-22 at 08:00,-2/0 (%),-13893,-19051,-19419,14159,22495,22525,43.8,-44.0,-6289,-11446,-11778,-652,-1434,-1384,0,712,720,0,0,0
2024-05-03,13850,-465,-638,-422,-401,-391,-419,-2739,-2690,-2703,-4138,-4026,-4153,20175,158,177,158,0,0,0,2024-May-03,2024-May-04,2024-May-03,-5895,-9979,-10337,-59,-234,21365,-375,-465,-441,2024-Feb-22 at 08:00,-2/0 (%),-14025,-18900,-19360,14023,22471,22632,15.3,-336.1,-6374,-11327,-11643,-479,-1348,-1305,14,710,884,0,0,0
2024-05-02,13634,60,-319,62,-388,-423,-411,-2745,-2657,-2701,-4082,-4102,-4075,20234,155,158,154,0,0,21,2024-May-02,2024-May-03,2024-May-02,-5968,-10091,-10407,132,-128,21365,-511,-515,-510,2024-Feb-22 at 08:00,-2/0 (%),-13873,-18942,-19207,14028,22593,22945,58.5,-211.1,-6147,-11244,-11508,-179,-1153,-1101,239,834,1163,0,0,0
2024-05-01,13643,-174,-80,-101,-376,-428,-368,-2718,-2693,-2673,-4117,-4028,-4125,20102,155,154,154,0,0,0,2024-May-01,2024-May-02,2024-May-01,-6091,-10095,-10450,-327,-460,21365,-461,-559,-440,2024-Feb-22 at 08:00,-2/0 (%),-13973,-18795,-19040,13832,22673,22632,65.4,-400.7,-6300,-11087,-11433,-209,-992,-982,35,912,882,0,0,0
2024-04-30,13782,-517,-139,-503,-373,-400,-383,-2705,-2683,-2581,-3959,-3934,-3960,20429,154,154,146,9,0,0,2024-Apr-30,2024-May-01,2024-Apr-30,-6160,-10114,-10403,-360,-245,21365,-529,-525,-444,2024-Feb-22 at 08:00,-2/0 (%),-14243,-18590,-20853,13945,22549,24337,177.5,-514.1,-6677,-11048,-13484,-517,-934,-3081,0,795,2579,0,0,0
2024-04-29,14035,-783,-584,-740,-388,-394,-392,-2516,-2588,-2587,-4034,-3846,-4011,20789,150,146,158,46,0,43,2024-Apr-29,2024-Apr-30,2024-Apr-29,-5887,-10086,-10364,167,-292,21365,-579,-495,-568,2024-Feb-22 at 08:00,-2/0 (%),-14187,-20444,-21119,14231,24207,24254,387.3,-44.9,-6670,-13120,-13560,-783,-3034,-3196,0,2449,2455,0,0,0
2024-04-28,14085,-1235,-614,-1283,-412,-398,-401,-2526,-2394,-2578,-3969,-3939,-3964,20622,99,157,121,146,46,153,2024-Apr-28,2024-Apr-29,2024-Apr-28,-5619,-10047,-10411,-226,-1411,21542,-583,-625,-593,2024-Feb-22 at 08:00,-2/0 (%),-14409,-20458,-21800,14396,24240,24440,414.3,-417.8,-6920,-13102,-14264,-1301,-3056,-3854,66,2442,2571,0,0,0
2024-04-27,13988,-1004,-1331,-1037,-407,-402,-401,-2531,-2614,-2444,-3954,-3918,-3954,20848,112,121,121,124,153,153,2024-Apr-27,2024-Apr-28,2024-Apr-27,-5728,-10062,-10423,31,104,21542,-596,-621,-585,2024-Feb-22 at 08:00,-2/0 (%),-14269,-21385,-21513,14274,24305,24538,315.2,-380.3,-6781,-13830,-14129,-1053,-3767,-3706,50,2436,2669,0,0,0
2024-04-26,14046,-1381,-1194,-1336,-400,-402,-405,-2217,-2456,-2189,-4107,-3902,-4005,20816,118,121,121,192,153,191,2024-Apr-26,2024-Apr-27,2024-Apr-26,-6098,-10061,-10385,-522,-550,21542,-545,-631,-486,2024-Feb-22 at 08:00,-2/0 (%),-14755,-21127,-21429,14362,24350,24531,390.0,-507.9,-7485,-13737,-14345,-1387,-3676,-3960,6,2482,2623,0,0,0
2024-04-25,14180,-1734,-965,-1610,-432,-434,-437,-2190,-2192,-2159,-4028,-4001,-4064,21338,168,121,107,147,145,145,2024-Apr-25,2024-Apr-26,2024-Apr-25,-5727,-10037,-10330,-191,-685,21542,-509,-486,-515,2024-Feb-22 at 08:00,-2/0 (%),-14620,-20557,-21800,14495,24304,24537,680.8,-225.2,-7461,-13444,-14625,-1734,-3407,-4295,0,2442,2686,0,0,0
2024-04-24,14165,-1792,-1197,-1718,-429,-432,-434,-2297,-2153,-2191,-3918,-3983,-4064,21529,79,109,93,155,119,146,2024-Apr-24,2024-Apr-25,2024-Apr-24,-5661,-9996,-10324,-173,-230,21542,-356,-451,-456,2024-Feb-22 at 08:00,-2/0 (%),-14454,-20684,-21932,14400,24297,24591,705.7,-113.2,-7453,-13664,-14787,-1792,-3668,-4463,0,2471,2744,0,0,0
2024-04-23,14232,-1658,-1395,-1672,-422,-430,-419,-2344,-2185,-2241,-3950,-3934,-3945,21702,113,93,80,142,145,131,2024-Apr-23,2024-Apr-24,2024-Apr-23,-5667,-10000,-10297,-69,-511,21542,-564,-377,-439,2024-Feb-22 at 08:00,-2/0 (%),-14605,-20731,-21779,14487,24255,24582,583.1,-81.8,-7325,-13805,-14735,-1658,-3804,-4439,0,2409,2766,0,0,0
2024-04-22,14297,-1635,-1080,-1706,-381,-385,-383,-2288,-2191,-2471,-3792,-3790,-3795,21771,50,81,76,124,90,123,2024-Apr-22,2024-Apr-23,2024-Apr-22,-5782,-9952,-10357,260,-403,21542,-345,-386,-464,2024-Feb-22 at 08:00,-2/0 (%),-14223,-20238,-21893,14471,24222,24511,802.7,-107.3,-7417,-13486,-14779,-1635,-3534,-4423,0,2454,2716,0,0,0
2024-04-21,14130,-1446,-1131,-1444,-355,-367,-379,-2376,-2465,-2472,-3798,-3710,-3804,21511,93,77,72,117,98,127,2024-Apr-21,2024-Apr-22,2024-Apr-21,-5676,-9987,-10347,367,5,21542,-258,-353,-387,2024-Feb-22 at 08:00,-2/0 (%),-13910,-20601,-21619,14340,24351,23202,494.1,66.9,-7123,-13706,-14577,-1446,-3719,-4230,0,2588,2786,0,0,0
2024-04-20,13636,-695,-936,-814,-373,-368,-360,-2472,-2452,-2483,-3847,-3738,-3802,21145,83,68,68,144,98,143,2024-Apr-20,2024-Apr-21,2024-Apr-20,-5859,-9952,-10373,220,36,21542,-438,-400,-370,2024-Feb-22 at 08:00,-2/0 (%),-13686,-20383,-20924,13864,17714,17940,200.9,-31.0,-6556,-13425,-13909,-696,-3473,-3537,1,2537,2723,0,0,0
2024-04-19,13817,-50,-634,-149,-383,-360,-366,-2395,-2471,-2357,-4005,-3736,-4003,20925,87,68,64,171,96,117,2024-Apr-19,2024-Apr-20,2024-Apr-19,-6478,-9956,-10353,212,-128,21542,-554,-365,-462,2024-Feb-22 at 08:00,-2/0 (%),-14125,-20108,-20652,14335,17631,19427,144.9,-187.9,-6788,-13177,-13464,-310,-3221,-3111,260,2587,2962,0,0,0
2024-04-18,14173,-727,-182,-608,-360,-382,-361,-2418,-2413,-2339,-3874,-3946,-3856,20713,83,93,98,127,154,126,2024-Apr-18,2024-Apr-19,2024-Apr-18,-6491,-9975,-10338,-251,-257,21542,-602,-477,-624,2024-Feb-22 at 08:00,-2/0 (%),-14488,-20044,-20816,14399,24512,24483,90.9,-391.6,-7234,-12826,-13637,-742,-2851,-3299,16,2669,2692,0,0,0
2024-04-17,14191,-1226,-825,-1115,-377,-384,-388,-2435,-2233,-2487,-3684,-3812,-3693,20964,70,98,93,232,126,232,2024-Apr-17,2024-Apr-18,2024-Apr-17,-6397,-9969,-10343,-244,-797,21719,-530,-648,-628,2024-Feb-22 at 08:00,-2/0 (%),-14649,-20302,-21099,14493,24220,24336,409.0,-557.0,-7624,-13226,-13904,-1226,-3257,-3561,0,2432,2445,0,0,0
2024-04-16,14228,-1024,-953,-1093,-387,-384,-375,-2387,-2504,-2419,-3735,-3572,-3713,21208,74,94,109,329,234,326,2024-Apr-16,2024-Apr-17,2024-Apr-16,-6346,-9948,-10324,-513,-109,21719,-532,-623,-513,2024-Feb-22 at 08:00,-2/0 (%),-14411,-20421,-20941,14630,24332,24502,301.3,-284.0,-7369,-13338,-13922,-1024,-3390,-3598,0,2437,2505,0,0,0
2024-04-15,14104,-1537,-1040,-1363,-412,-401,-423,-2395,-2468,-2463,-3962,-3790,-3904,21721,72,123,106,414,333,413,2024-Apr-15,2024-Apr-16,2024-Apr-15,-6083,-9927,-10314,-282,-749,21719,-528,-558,-520,2024-Feb-22 at 08:00,-2/0 (%),-14917,-20637,-21602,14590,24462,24682,278.3,-350.7,-7620,-13420,-14293,-1537,-3493,-3979,0,2453,2616,0,0,0
2024-04-14,14312,-1557,-1152,-1760,-410,-400,-409,-2423,-2456,-2463,-3908,-3866,-3826,22003,117,93,112,381,345,377,2024-Apr-14,2024-Apr-15,2024-Apr-14,-5947,-9920,-10344,82,57,21719,-531,-443,-517,2024-Feb-22 at 08:00,-2/0 (%),-14775,-20648,-21912,14810,24399,24647,611.9,-286.5,-7503,-13483,-14629,-1557,-3564,-4284,0,2412,2525,0,0,0
2024-04-13,14301,-1617,-1614,-1613,-410,-409,-409,-2445,-2461,-2455,-3798,-3865,-3866,21921,193,112,112,309,300,306,2024-Apr-13,2024-Apr-14,2024-Apr-13,-5870,-9941,-10350,69,10,21719,-520,-495,-495,2024-Feb-22 at 08:00,-2/0 (%),-14660,-21169,-21707,14803,24361,24502,417.0,-92.2,-7487,-13939,-14483,-1617,-3998,-4133,0,2384,2519,0,0,0
2024-04-12,14253,-1712,-1607,-1603,-409,-408,-399,-2136,-2447,-2160,-3845,-3855,-3868,21853,172,111,90,217,300,203,2024-Apr-12,2024-Apr-13,2024-Apr-12,-5864,-9944,-10342,110,-150,21719,-651,-495,-660,2024-Feb-22 at 08:00,-2/0 (%),-14617,-21141,-21676,14642,24362,24499,260.6,-119.0,-7576,-13936,-14589,-1712,-3992,-4247,0,2384,2644,0,0,0
2024-04-11,14291,-801,-1043,-913,-404,-390,-392,-2488,-2129,-2501,-3858,-3788,-3882,21742,164,90,90,245,202,262,2024-Apr-11,2024-Apr-12,2024-Apr-11,-5892,-9948,-10332,585,421,21719,-741,-649,-628,2024-Feb-22 at 08:00,-2/0 (%),-14187,-20396,-21186,14702,24303,24459,223.3,-17.4,-6695,-13440,-13784,-803,-3492,-3453,2,2450,2540,0,0,0
2024-04-10,14123,-1090,-659,-904,-403,-390,-387,-2529,-2491,-2510,-3946,-3884,-3952,21157,67,91,109,284,224,275,2024-Apr-10,2024-Apr-11,2024-Apr-10,-6136,-9940,-10319,-352,-765,21719,-702,-660,-752,2024-Feb-22 at 08:00,-2/0 (%),-14867,-20489,-21611,14535,24352,24742,91.5,-472.3,-7287,-13064,-14009,-1151,-3125,-3690,61,2465,2786,0,0,0
2024-04-09,14077,-1377,-872,-1410,-394,-394,-399,-2538,-2537,-2539,-3913,-3901,-3935,21509,24,112,117,381,245,389,2024-Apr-09,2024-Apr-10,2024-Apr-09,-6036,-9924,-10305,-297,-683,21719,-598,-775,-631,2024-Feb-22 at 08:00,-2/0 (%),-14855,-20899,-22053,14482,24424,24891,324.4,-263.9,-7413,-13291,-14548,-1377,-3367,-4243,0,2495,2834,0,0,0
2024-04-08,14241,-1172,-965,-1216,-392,-387,-391,-2584,-2555,-2622,-3895,-3867,-3900,21806,4,120,88,303,345,304,2024-Apr-08,2024-Apr-09,2024-Apr-08,-5977,-9870,-10323,37,-214,21719,-592,-599,-623,2024-Feb-22 at 08:00,-2/0 (%),-14612,-20733,-21851,14548,24497,24696,293.3,172.0,-7149,-13325,-14314,-1172,-3455,-3991,0,2491,2775,0,0,0
2024-04-07,14277,-770,-672,-881,-360,-339,-339,-2642,-2615,-2629,-3916,-3847,-3864,21769,124,97,131,320,302,320,2024-Apr-07,2024-Apr-08,2024-Apr-07,-6160,-9917,-10304,290,-261,21719,-622,-622,-593,2024-Feb-22 at 08:00,-2/0 (%),-14477,-20518,-21213,14728,24435,24583,262.6,0.3,-6937,-13095,-13788,-777,-3178,-3484,8,2507,2604,0,0,0
2024-04-06,14267,-722,-717,-748,-363,-339,-339,-2588,-2613,-2611,-3899,-3830,-3860,21480,101,98,97,394,318,319,2024-Apr-06,2024-Apr-07,2024-Apr-06,-6509,-9964,-10358,44,-219,21719,-673,-622,-622,2024-Feb-22 at 08:00,-2/0 (%),-14757,-20684,-21138,14765,24543,24548,294.2,-308.5,-7234,-13280,-13707,-724,-3316,-3348,3,2599,2600,0,0,0
2024-04-05,14076,-656,-738,-556,-362,-340,-360,-2511,-2599,-2474,-3865,-3822,-3865,21436,0,97,0,483,318,487,2024-Apr-05,2024-Apr-06,2024-Apr-05,-6578,-9982,-10362,-135,-449,21719,-722,-621,-741,2024-Feb-22 at 08:00,-2/0 (%),-14800,-20696,-21219,14665,24541,24885,285.4,-305.4,-7340,-13314,-13779,-761,-3332,-3417,105,2594,2861,0,0,0
2024-04-04,14077,-538,-685,-549,-357,-369,-334,-2532,-2529,-2510,-3867,-3851,-3857,21571,0,0,0,440,432,483,2024-Apr-04,2024-Apr-05,2024-Apr-04,-6536,-10010,-10385,-84,93,21719,-737,-676,-705,2024-Feb-22 at 08:00,-2/0 (%),-14644,-20745,-21128,14594,24595,24780,113.8,-163.8,-7151,-13320,-13721,-615,-3309,-3336,77,2624,2787,0,0,0
2024-04-03,14016,-891,-594,-879,-352,-397,-341,-2495,-2539,-2484,-3952,-3873,-3930,21654,0,0,0,370,439,432,2024-Apr-03,2024-Apr-04,2024-Apr-03,-6149,-9992,-10338,-288,-461,21719,-686,-709,-668,2024-Feb-22 at 08:00,-2/0 (%),-14576,-20642,-21479,14436,24488,24777,284.1,-269.3,-7090,-13125,-14056,-941,-3133,-3718,50,2539,2840,0,0,0
2024-04-02,14058,-1098,-837,-1142,-352,-387,-367,-2423,-2541,-2446,-3969,-3965,-3966,21942,0,0,0,336,384,362,2024-Apr-02,2024-Apr-03,2024-Apr-02,-5944,-9971,-10345,13,50,21719,-580,-636,-601,2024-Feb-22 at 08:00,-2/0 (%),-14365,-20832,-21630,14394,24381,24623,742.9,-188.3,-7041,-13302,-14248,-1098,-3331,-3904,0,2494,2761,0,0,0
2024-04-01,14196,-895,-773,-861,-354,-406,-368,-2503,-2535,-2442,-4026,-3900,-4009,21929,2,0,-8,213,234,214,2024-Apr-01,2024-Apr-02,2024-Apr-01,-6322,-9948,-10336,-82,-13,21719,-480,-569,-652,2024-Feb-22 at 08:00,-2/0 (%),-14579,-20765,-21347,14411,24367,24382,644.0,-78.6,-7217,-13354,-13867,-895,-3407,-3532,0,2634,2671,0,0,0
2024-03-31,14291,-613,-686,-687,-312,-385,-329,-2583,-2520,-2587,-4011,-4014,-3971,22011,133,0,135,166,194,164,2024-Mar-31,2024-Apr-01,2024-Mar-31,-6474,-9984,-10429,304,-62,21719,-396,-443,-392,2024-Feb-22 at 08:00,-2/0 (%),-14430,-20635,-20962,14631,24288,24388,662.0,128.4,-7128,-13273,-13684,-654,-3288,-3255,41,2602,2567,0,0,0
2024-03-30,14349,-355,-372,-414,-319,-329,-329,-2572,-2248,-2586,-3997,-3946,-3976,21707,136,135,135,157,161,154,2024-Mar-30,2024-Mar-31,2024-Mar-30,-6946,-10055,-10460,174,-98,21719,-394,-392,-392,2024-Feb-22 at 08:00,-2/0 (%),-14628,-19758,-20591,14687,24232,24247,597.4,-78.4,-7347,-12843,-13309,-401,-2788,-2849,46,2415,2435,0,0,0
2024-03-29,14330,-275,-262,-251,-321,-328,-329,-2570,-2578,-2548,-3981,-3948,-3961,21533,195,135,135,157,164,162,2024-Mar-29,2024-Mar-30,2024-Mar-29,-7274,-10049,-10541,-58,-466,21719,-399,-420,-421,2024-Feb-22 at 08:00,-2/0 (%),-14859,-20008,-20483,14721,24245,24253,522.8,-139.5,-7588,-12733,-13225,-314,-2684,-2684,39,2422,2433,0,0,0
2024-03-28,14197,-65,-287,-130,-323,-329,-329,-2535,-2549,-2510,-4005,-3936,-4003,21591,197,135,147,183,162,160,2024-Mar-28,2024-Mar-29,2024-Mar-28,-7039,-10147,-10514,233,-114,21719,-451,-421,-430,2024-Feb-22 at 08:00,-2/0 (%),-14545,-20072,-20618,14705,24223,24531,510.3,-24.7,-7232,-12837,-13346,-193,-2689,-2831,128,2402,2702,0,0,0
2024-03-27,13978,-219,-135,-167,-330,-328,-323,-2726,-2589,-2652,-4219,-3950,-4170,21358,127,148,175,274,202,271,2024-Mar-27,2024-Mar-28,2024-Mar-27,-6702,-10137,-10470,-361,-515,21719,-543,-445,-567,2024-Feb-22 at 08:00,-2/0 (%),-14849,-20191,-21125,14490,24477,24751,399.8,-186.0,-7032,-12878,-13413,-330,-2741,-2943,111,2606,2776,0,0,0
2024-03-26,13968,-154,-233,-188,-326,-332,-333,-2241,-2655,-2294,-4244,-4174,-4217,21719,115,133,191,160,187,210,2024-Mar-26,2024-Mar-27,2024-Mar-26,-6794,-10089,-10487,-100,-325,21719,-534,-510,-505,2024-Feb-22 at 08:00,-2/0 (%),-14388,-20739,-20647,14339,24596,24553,686.4,-58.1,-7044,-13069,-13298,-250,-2981,-2811,96,2747,2624,0,0,0
2024-03-25,14010,-186,-183,-162,-323,-328,-319,-2367,-2305,-2370,-4128,-4194,-4131,21820,152,190,153,156,176,149,2024-Mar-25,2024-Mar-26,2024-Mar-25,-7027,-10108,-10518,-153,-362,21719,-474,-502,-482,2024-Feb-22 at 08:00,-2/0 (%),-14626,-20030,-20673,14441,24308,24554,811.8,-79.0,-7335,-12700,-13370,-308,-2592,-2852,123,2409,2691,0,0,0
2024-03-24,14253,-172,-131,-191,-310,-297,-295,-2331,-2312,-2343,-4105,-4113,-4121,21973,120,98,123,150,148,148,2024-Mar-24,2024-Mar-25,2024-Mar-24,-7059,-10182,-10573,110,-338,21719,-504,-485,-517,2024-Feb-22 at 08:00,-2/0 (%),-14603,-20175,-20480,14646,24463,24272,855.4,-34.5,-7352,-12967,-13203,-293,-2785,-2630,122,2655,2439,0,0,0
2024-03-23,14263,-194,-183,-154,-314,-295,-295,-2324,-2280,-2300,-4131,-4111,-4123,21863,123,123,123,174,174,174,2024-Mar-23,2024-Mar-24,2024-Mar-23,-7269,-10179,-10573,-56,-57,21719,-543,-516,-516,2024-Feb-22 at 08:00,-2/0 (%),-14901,-19965,-20399,14684,24256,24294,729.2,-104.0,-7588,-12763,-13165,-319,-2583,-2592,125,2400,2438,0,0,0
2024-03-22,14233,-241,-192,-197,-295,-296,-292,-2310,-2298,-2342,-4163,-4092,-4145,21920,120,123,121,173,149,172,2024-Mar-22,2024-Mar-23,2024-Mar-22,-7349,-10185,-10572,-337,-362,21719,-550,-516,-547,2024-Feb-22 at 08:00,-2/0 (%),-15041,-19980,-20704,14659,24233,24436,877.9,-83.6,-7723,-12779,-13378,-374,-2595,-2806,133,2403,2609,0,0,0
2024-03-21,14194,254,1,157,-295,-302,-294,-2415,-2365,-2426,-4107,-4211,-4019,22257,85,113,115,175,102,95,2024-Mar-21,2024-Mar-22,2024-Mar-21,-7406,-10205,-10604,27,-118,21719,-494,-513,-435,2024-Feb-22 at 08:00,-2/0 (%),-14724,-20302,-20264,14715,24403,24276,934.3,27.9,-7413,-12910,-13090,-7,-2706,-2486,261,2706,2643,0,0,0
2024-03-20,13994,322,390,288,-300,-297,-295,-2422,-2434,-2393,-4000,-4001,-4035,22230,100,115,118,153,96,193,2024-Mar-20,2024-Mar-21,2024-Mar-20,-7330,-10178,-10595,101,112,21719,-529,-376,-469,2024-Feb-22 at 08:00,-2/0 (%),-14642,-19548,-20232,14631,24285,24476,821.0,-243.9,-7392,-12439,-13039,-62,-2261,-2444,384,2651,2732,0,0,0
2024-03-19,14054,-104,254,-86,-295,-308,-284,-2576,-2514,-2625,-4042,-3981,-4065,22129,99,91,98,168,151,206,2024-Mar-19,2024-Mar-20,2024-Mar-19,-6962,-10222,-10545,-163,-680,21719,-420,-439,-375,2024-Feb-22 at 08:00,-2/0 (%),-14507,-19950,-20564,14428,24467,24291,957.3,-260.1,-7174,-12709,-13214,-212,-2487,-2669,108,2741,2583,0,0,0
2024-03-18,13975,-338,-272,-483,-299,-320,-305,-2711,-2674,-2715,-4044,-4067,-4004,22292,93,98,94,233,168,232,2024-Mar-18,2024-Mar-19,2024-Mar-18,-6260,-10130,-10526,186,55,21719,-456,-409,-446,2024-Feb-22 at 08:00,-2/0 (%),-14194,-20324,-20996,14387,24121,24259,944.2,-128.9,-6684,-12854,-13527,-424,-2724,-3001,86,2453,2518,0,0,0
2024-03-17,13983,-628,-251,-618,-305,-317,-318,-2729,-2757,-2764,-4050,-4017,-4047,22106,83,94,94,193,189,189,2024-Mar-17,2024-Mar-18,2024-Mar-17,-6127,-10147,-10527,127,172,21719,-333,-330,-423,2024-Feb-22 at 08:00,-2/0 (%),-14212,-20441,-21096,14300,24308,24086,838.3,-335.9,-6795,-13019,-13544,-668,-2872,-3017,40,2621,2399,0,0,0
2024-03-16,14275,-623,-561,-621,-302,-317,-317,-2695,-2761,-2754,-4059,-4023,-4034,21979,99,94,94,193,188,201,2024-Mar-16,2024-Mar-17,2024-Mar-16,-6612,-10121,-10546,-13,12,21719,-386,-423,-422,2024-Feb-22 at 08:00,-2/0 (%),-14715,-20663,-21169,14606,24143,24174,735.4,-354.7,-7273,-13139,-13642,-661,-3018,-3096,38,2458,2475,0,0,0
2024-03-15,14335,-711,-537,-595,-308,-318,-318,-2820,-2751,-2806,-3924,-4025,-3929,21992,89,94,90,135,188,133,2024-Mar-15,2024-Mar-16,2024-Mar-15,-6562,-10112,-10535,30,-232,21719,-272,-422,-373,2024-Feb-22 at 08:00,-2/0 (%),-14634,-20679,-21068,14597,24200,24198,656.2,-193.5,-7311,-13163,-13643,-749,-3051,-3107,39,2514,2513,0,0,0
2024-03-14,14119,-312,-216,-412,-309,-312,-305,-2887,-2814,-2833,-3844,-3895,-3839,21962,117,90,123,130,125,130,2024-Mar-14,2024-Mar-15,2024-Mar-14,-6351,-10143,-10532,68,295,21719,-473,-273,-284,2024-Feb-22 at 08:00,-2/0 (%),-14213,-20153,-20724,14402,24176,24234,703.3,-112.9,-6700,-12860,-13462,-348,-2717,-2930,37,2501,2518,0,0,0
2024-03-13,13966,-440,-140,-259,-305,-312,-298,-2894,-2836,-2849,-3884,-3848,-3908,21894,96,97,80,124,78,138,2024-Mar-13,2024-Mar-14,2024-Mar-13,-6753,-10135,-10540,-176,-602,21719,-132,-303,-337,2024-Feb-22 at 08:00,-2/0 (%),-14448,-20212,-20779,14225,24275,24270,876.5,-589.3,-7232,-12913,-13387,-479,-2778,-2847,39,2637,2589,0,0,0
2024-03-12,14164,-210,-227,-424,-305,-303,-300,-2827,-2900,-2896,-4007,-3902,-4008,22070,100,80,76,152,99,159,2024-Mar-12,2024-Mar-13,2024-Mar-12,-6534,-10135,-10598,227,56,21719,-363,-259,-382,2024-Feb-22 at 08:00,-2/0 (%),-14340,-20272,-21169,14510,24188,24252,901.5,-210.8,-6838,-12908,-13582,-304,-2773,-2984,94,2545,2559,0,0,0
2024-03-11,14296,-277,21,-339,-299,-316,-309,-2879,-2874,-2900,-3986,-3981,-3993,21843,109,76,98,110,124,110,2024-Mar-11,2024-Mar-12,2024-Mar-11,-6552,-10162,-10554,8,-17,21719,-566,-334,-441,2024-Feb-22 at 08:00,-2/0 (%),-14685,-20373,-21246,14642,24386,24375,534.4,-157.9,-6955,-12868,-13603,-403,-2706,-3049,126,2727,2710,0,0,0
2024-03-10,14303,-325,-30,-333,-304,-309,-293,-2884,-2897,-2893,-4053,-4034,-4056,21835,104,98,98,115,110,110,2024-Mar-10,2024-Mar-11,2024-Mar-10,-6507,-10150,-10611,12,-341,21542,-483,-454,-544,2024-Feb-22 at 08:00,-2/0 (%),-14671,-20559,-21421,14638,24351,24357,587.3,-139.2,-6948,-12866,-13636,-441,-2715,-3025,116,2685,2692,0,0,0
2024-03-09,14314,-224,-94,-173,-302,-292,-292,-2915,-2903,-2910,-4035,-4033,-4055,21822,90,99,90,111,110,110,2024-Mar-09,2024-Mar-10,2024-Mar-09,-6505,-10186,-10609,151,-64,21542,-491,-544,-548,2024-Feb-22 at 08:00,-2/0 (%),-14595,-20529,-21245,14638,24143,24316,507.5,39.5,-6852,-12756,-13439,-347,-2571,-2830,123,2476,2657,0,0,0
2024-03-08,14180,-10,-81,41,-300,-293,-297,-2917,-2903,-2916,-4030,-4031,-4061,21672,84,99,94,151,110,150,2024-Mar-08,2024-Mar-09,2024-Mar-08,-6828,-10179,-10581,-48,-371,21542,-471,-543,-561,2024-Feb-22 at 08:00,-2/0 (%),-14747,-20523,-21035,14605,24161,24360,468.4,47.0,-7029,-12753,-13199,-201,-2574,-2618,191,2493,2658,0,0,0
2024-03-07,14078,795,254,765,-296,-309,-288,-2915,-2916,-2918,-4034,-4061,-4081,21720,74,86,76,138,139,136,2024-Mar-07,2024-Mar-08,2024-Mar-07,-7241,-10174,-10619,46,-275,21542,-576,-481,-497,2024-Feb-22 at 08:00,-2/0 (%),-15083,-20370,-20809,15106,24365,24838,405.8,220.9,-7263,-12602,-13024,-22,-2428,-2406,816,2683,3170,0,0,0
2024-03-06,13847,1747,470,1779,-285,-310,-275,-2946,-2913,-2925,-4061,-4070,-4058,21674,77,76,76,99,135,104,2024-Mar-06,2024-Mar-07,2024-Mar-06,-7852,-10201,-10639,418,320,21542,-328,-493,-444,2024-Feb-22 at 08:00,-2/0 (%),-15472,-20335,-21142,15770,24486,26215,399.9,-93.6,-7852,-12550,-13440,0,-2349,-2801,1747,2819,4580,0,0,0
2024-03-05,13737,1468,590,1397,-290,-300,-277,-2925,-2906,-2916,-3923,-4036,-4032,21256,74,75,75,92,73,93,2024-Mar-05,2024-Mar-06,2024-Mar-05,-8036,-10251,-10608,3,-318,21542,-204,-405,-283,2024-Feb-22 at 08:00,-2/0 (%),-15379,-20190,-20883,15370,24487,25789,353.2,-392.0,-8036,-12543,-13376,0,-2292,-2767,1468,2882,4164,0,0,0
2024-03-04,13867,1535,744,1576,-270,-308,-280,-2874,-2887,-2862,-4036,-4022,-3965,21254,100,75,98,120,84,137,2024-Mar-04,2024-Mar-05,2024-Mar-04,-8100,-10232,-10599,-183,-136,21542,-421,-258,-288,2024-Feb-22 at 08:00,-2/0 (%),-15701,-19953,-20765,15622,24605,26048,104.9,-166.6,-8100,-12477,-13370,0,-2245,-2770,1535,2989,4346,0,0,0
2024-03-03,13878,942,566,998,-293,-313,-313,-2920,-2869,-2869,-3967,-3989,-3979,21436,106,98,98,125,118,154,2024-Mar-03,2024-Mar-04,2024-Mar-03,-7867,-10287,-10563,-63,-487,21542,-147,-286,-285,2024-Feb-22 at 08:00,-2/0 (%),-15197,-20038,-20358,15054,24544,25068,375.7,-494.5,-7870,-12582,-12912,-3,-2295,-2350,946,2861,3347,0,0,0
2024-03-02,13979,929,649,964,-299,-316,-316,-2928,-2872,-2872,-3972,-3975,-3982,21499,103,98,98,131,118,131,2024-Mar-02,2024-Mar-03,2024-Mar-02,-7785,-10206,-10556,-222,-236,21542,-353,-286,-295,2024-Feb-22 at 08:00,-2/0 (%),-15344,-19804,-20365,15149,24484,25006,332.2,-311.9,-7792,-12356,-12900,-7,-2150,-2344,935,2799,3308,0,0,0
2024-03-01,13891,817,649,814,-301,-315,-311,-2885,-2866,-2867,-4028,-3975,-4026,21721,89,99,84,153,118,159,2024-Mar-01,2024-Mar-02,2024-Mar-01,-7655,-10212,-10576,-314,-174,21542,-522,-295,-430,2024-Feb-22 at 08:00,-2/0 (%),-15396,-19812,-20438,14956,24483,24752,477.3,-361.1,-7661,-12360,-12803,-6,-2148,-2227,823,2797,3041,0,0,0
2024-02-29,13837,1185,575,1170,-322,-305,-321,-2831,-2896,-2901,-4366,-4004,-4354,22035,192,84,202,108,152,107,2024-Feb-29,2024-Mar-01,2024-Feb-29,-7034,-10233,-10552,219,292,21542,-496,-453,-607,2024-Feb-22 at 08:00,-2/0 (%),-15047,-20179,-19678,15322,24561,23904,560.8,24.6,-7034,-12521,-11495,0,-2288,-943,1185,2864,2113,0,0,0
2024-02-28,13585,761,1022,839,-315,-317,-291,-2892,-2906,-2844,-4167,-4342,-4225,21816,144,180,151,126,104,126,2024-Feb-28,2024-Feb-29,2024-Feb-28,-7066,-10225,-10540,-271,-52,21542,-426,-588,-436,2024-Feb-22 at 08:00,-2/0 (%),-14866,-19235,-19545,14617,23646,23522,342.8,-136.6,-7066,-11082,-11748,0,-857,-1209,761,1879,2047,0,0,0
2024-02-27,13914,1564,963,1502,-308,-313,-286,-2861,-2901,-2902,-4086,-4207,-4082,22088,143,147,147,116,126,116,2024-Feb-27,2024-Feb-28,2024-Feb-27,-7820,-10214,-10590,323,50,21542,-377,-395,-375,2024-Feb-22 at 08:00,-2/0 (%),-15452,-19011,-19252,15736,23664,24215,457.7,-83.4,-7820,-11196,-11607,0,-982,-1017,1564,1945,2518,0,0,0
2024-02-26,14026,1184,1452,1154,-312,-307,-301,-2791,-2889,-2763,-4231,-4089,-4260,21764,155,134,130,125,94,167,2024-Feb-26,2024-Feb-27,2024-Feb-26,-7787,-10240,-10597,-94,-200,21542,-511,-333,-474,2024-Feb-22 at 08:00,-2/0 (%),-15634,-18641,-19380,15491,23896,23870,284.2,-365.7,-7789,-11022,-11581,-1,-782,-984,1185,2234,2138,0,0,0
2024-02-25,14322,4,847,-2,-323,-318,-318,-2760,-2908,-2808,-4244,-4228,-4241,21858,168,130,130,117,137,134,2024-Feb-25,2024-Feb-26,2024-Feb-25,-6871,-10215,-10570,-2,-283,21542,-481,-463,-463,2024-Feb-22 at 08:00,-2/0 (%),-14973,-19143,-20205,14906,23558,23502,315.2,-328.6,-7166,-11225,-12376,-294,-1010,-1806,298,1857,1804,0,0,0
2024-02-24,14329,-368,33,-300,-329,-318,-323,-2746,-2862,-2775,-4244,-4224,-4255,21860,128,130,130,135,134,134,2024-Feb-24,2024-Feb-25,2024-Feb-24,-6770,-10149,-10562,-302,-48,21542,-484,-464,-462,2024-Feb-22 at 08:00,-2/0 (%),-15214,-19543,-20622,14863,23257,23642,220.6,-226.1,-7410,-11675,-12806,-640,-1526,-2244,272,1559,1945,0,0,0
2024-02-23,14292,-11,29,17,-337,-318,-353,-2885,-2906,-2894,-4302,-4179,-4288,22161,116,130,96,199,134,73,2024-Feb-23,2024-Feb-24,2024-Feb-23,-6148,-10164,-10553,304,161,21542,-662,-462,-649,2024-Feb-22 at 08:00,-2/0 (%),-14632,-19558,-20611,14895,23253,23510,351.7,102.9,-6446,-11691,-12428,-298,-1527,-1875,287,1556,1891,0,0,0
2024-02-22,14115,-199,17,-133,-326,-353,-336,-2887,-2894,-2921,-4378,-4289,-4341,21857,90,96,123,118,73,133,2024-Feb-22,2024-Feb-23,2024-Feb-22,-6285,-10160,-10533,-384,-468,21542,-588,-649,-616,2024-Feb-22 at 08:00,-2/0 (%),-14905,-20219,-20941,14564,23510,23760,187.9,2.2,-6726,-12034,-12726,-441,-1875,-2194,242,1891,2060,0,0,0
2024-02-21,14146,551,752,452,-335,-328,-343,-2882,-2910,-2855,-4431,-4300,-4268,22242,83,121,135,110,102,144,2024-Feb-21,2024-Feb-22,2024-Feb-21,-6631,-10126,-10484,63,83,21542,-483,-567,-526,2024-Jan-17 at 08:00,-1/1 (%),-14790,-19317,-19864,14918,23503,23564,280.6,311.3,-6659,-11209,-11869,-28,-1082,-1385,579,1834,1837,0,0,0
2024-02-20,14191,463,910,445,-346,-342,-367,-2913,-2898,-2906,-4295,-4107,-4383,22178,100,112,108,129,106,139,2024-Feb-20,2024-Feb-21,2024-Feb-20,-6798,-10127,-10499,177,-11,21542,-457,-474,-537,2024-Jan-17 at 08:00,-1/1 (%),-14835,-18875,-20020,14910,23509,23477,455.8,114.8,-6824,-11051,-11825,-26,-924,-1326,490,1834,1771,0,0,0
2024-02-19,14287,458,806,628,-337,-349,-348,-2862,-2903,-2906,-4394,-4313,-4402,22001,104,102,102,99,99,99,2024-Feb-19,2024-Feb-20,2024-Feb-19,-6958,-10140,-10584,-114,-147,21542,-561,-493,-519,2024-Jan-17 at 08:00,-1/1 (%),-15141,-19268,-19995,14976,23535,23522,314.5,163.8,-6986,-11208,-11817,-28,-1067,-1233,486,1874,1861,0,0,0
2024-02-18,14304,480,857,410,-334,-348,-348,-2938,-2906,-2908,-4410,-4401,-4408,22115,113,103,102,92,98,85,2024-Feb-18,2024-Feb-19,2024-Feb-18,-6922,-10214,-10607,-56,-379,21542,-516,-538,-499,2024-Jan-17 at 08:00,-1/1 (%),-15148,-19313,-20228,15018,23420,23512,481.7,196.8,-6950,-11117,-12062,-28,-903,-1455,509,1760,1865,0,0,0
2024-02-17,14272,796,856,834,-349,-348,-348,-2950,-2906,-2911,-4434,-4400,-4399,22171,101,103,103,99,98,98,2024-Feb-17,2024-Feb-18,2024-Feb-17,-6883,-10200,-10595,209,73,21542,-552,-516,-516,2024-Jan-17 at 08:00,-1/1 (%),-15188,-19276,-19847,15288,23420,23569,369.7,417.8,-6903,-11103,-11671,-21,-903,-1075,816,1759,1909,0,0,0
2024-02-16,14046,1162,844,1097,-336,-349,-331,-2849,-2912,-2907,-4410,-4404,-4397,21962,84,103,86,94,98,91,2024-Feb-16,2024-Feb-17,2024-Feb-16,-7034,-10198,-10571,159,238,21542,-569,-535,-517,2024-Jan-17 at 08:00,-1/1 (%),-15207,-19309,-19744,15394,23056,23751,535.9,167.4,-7042,-11106,-11592,-8,-908,-1021,1170,1752,2117,0,0,0
2024-02-15,14299,1510,1132,1519,-335,-329,-304,-2938,-2906,-2901,-4412,-4352,-4416,21803,77,86,76,92,92,91,2024-Feb-15,2024-Feb-16,2024-Feb-15,-7546,-10201,-10573,117,100,21542,-629,-511,-614,2024-Jan-17 at 08:00,-1/1 (%),-15866,-19153,-19638,15982,23619,24030,456.2,44.6,-7551,-11054,-11403,-6,-853,-829,1515,1985,2348,0,0,0
2024-02-14,14199,1245,1374,1188,-308,-314,-310,-2914,-2903,-2902,-4434,-4418,-4432,21686,138,75,105,102,92,76,2024-Feb-14,2024-Feb-15,2024-Feb-14,-7442,-10215,-10563,-98,-129,21542,-653,-597,-631,2024-Jan-17 at 08:00,-1/1 (%),-15751,-19199,-19979,15683,23807,24023,561.6,-216.7,-7442,-10967,-11705,0,-752,-1142,1245,2126,2329,0,0,0
2024-02-13,14278,1094,1350,1006,-299,-288,-303,-2914,-2902,-2899,-4429,-4374,-4424,21784,111,105,95,117,76,91,2024-Feb-13,2024-Feb-14,2024-Feb-13,-7151,-10170,-10542,65,-45,21542,-710,-677,-680,2024-Jan-17 at 08:00,-1/1 (%),-15530,-19191,-20051,15628,23824,23925,480.8,-49.7,-7179,-10950,-11745,-27,-779,-1204,1121,2129,2210,0,0,0
2024-02-12,14362,740,1180,739,-298,-288,-273,-2896,-2902,-2892,-4361,-4391,-4365,21719,101,95,98,143,91,124,2024-Feb-12,2024-Feb-13,2024-Feb-12,-7015,-10167,-10566,124,-17,21542,-750,-712,-750,2024-Jan-17 at 08:00,-1/1 (%),-15348,-19335,-20298,15374,23770,23921,338.9,83.6,-7043,-11041,-12018,-28,-874,-1451,767,2054,2190,0,0,0
2024-02-11,14312,754,1107,735,-328,-310,-334,-2914,-2888,-2888,-4348,-4286,-4348,21596,64,112,112,60,142,142,2024-Feb-11,2024-Feb-12,2024-Feb-11,-6927,-10115,-10595,52,10,21542,-708,-678,-723,2024-Jan-17 at 08:00,-1/1 (%),-15252,-19273,-20209,15219,23832,23784,283.8,177.9,-6955,-11111,-11915,-28,-996,-1320,782,2104,2055,0,0,0
2024-02-10,14338,855,673,879,-346,-335,-335,-2934,-2884,-2902,-4380,-4263,-4322,21544,111,112,112,128,142,151,2024-Feb-10,2024-Feb-11,2024-Feb-10,-6886,-10164,-10566,179,417,21542,-685,-708,-718,2024-Jan-17 at 08:00,-1/1 (%),-15249,-19543,-20244,15450,23591,24017,437.9,227.8,-6904,-11352,-11967,-17,-1189,-1401,873,1862,2280,0,0,0
2024-02-09,14267,815,673,945,-343,-336,-344,-2925,-2919,-2906,-4321,-4300,-4326,21364,88,112,90,98,143,97,2024-Feb-09,2024-Feb-10,2024-Feb-09,-7433,-10185,-10584,-222,-470,21542,-609,-717,-641,2024-Jan-17 at 08:00,-1/1 (%),-15646,-19643,-20221,15282,23588,24026,555.5,-105.9,-7448,-11371,-12003,-14,-1187,-1419,830,1859,2364,0,0,0
2024-02-08,14131,723,1047,697,-338,-323,-334,-2940,-2927,-2876,-4277,-4256,-4327,21586,90,90,90,104,97,104,2024-Feb-08,2024-Feb-09,2024-Feb-08,-7314,-10179,-10652,-329,-185,21542,-605,-616,-651,2024-Jan-17 at 08:00,-1/1 (%),-15480,-19241,-20213,15055,23649,23738,673.1,199.6,-7320,-11120,-12024,-7,-941,-1372,730,1988,2069,0,0,0
2024-02-07,14123,1199,1160,1125,-322,-318,-326,-2952,-2877,-2895,-4371,-4081,-4363,21915,94,90,90,141,104,140,2024-Feb-07,2024-Feb-08,2024-Feb-07,-7316,-10214,-10639,-96,-24,21542,-679,-592,-657,2024-Jan-17 at 08:00,-1/1 (%),-15667,-18954,-20120,15585,23702,24071,618.1,667.2,-7344,-11086,-11880,-28,-872,-1241,1227,2033,2366,0,0,0
2024-02-06,14142,1427,1220,1400,-313,-318,-311,-2914,-2902,-2904,-4448,-4367,-4450,22010,111,90,111,105,138,111,2024-Feb-06,2024-Feb-07,2024-Feb-06,-7378,-10215,-10670,45,-20,21542,-715,-650,-737,2024-Jan-17 at 08:00,-1/1 (%),-15794,-19272,-20314,15810,23742,24338,603.2,137.2,-7404,-11035,-11912,-26,-820,-1242,1453,2040,2642,0,0,0
2024-02-05,14271,1470,1459,1378,-313,-316,-319,-2963,-2905,-2892,-4457,-4363,-4458,21965,79,111,90,117,113,116,2024-Feb-05,2024-Feb-06,2024-Feb-05,-7418,-10217,-10654,70,65,21542,-698,-752,-686,2024-Jan-17 at 08:00,-1/1 (%),-15865,-19467,-20332,15952,24073,24404,554.1,82.1,-7433,-11131,-11978,-15,-914,-1325,1485,2373,2703,0,0,0
2024-02-04,14359,973,959,1063,-317,-320,-320,-2955,-2896,-2876,-4449,-4409,-4442,21895,86,90,90,117,114,93,2024-Feb-04,2024-Feb-05,2024-Feb-04,-7329,-10203,-10588,-176,-273,21542,-726,-721,-722,2024-Jan-17 at 08:00,-1/1 (%),-15804,-19606,-20372,15562,23726,24176,519.2,-81.1,-7358,-11259,-12011,-28,-1055,-1423,1001,2014,2486,0,0,0
2024-02-03,14280,660,797,697,-328,-320,-320,-2930,-2901,-2896,-4455,-4424,-4451,22071,92,90,90,116,114,115,2024-Feb-03,2024-Feb-04,2024-Feb-03,-6915,-10164,-10598,-111,-369,21542,-716,-723,-723,2024-Jan-17 at 08:00,-1/1 (%),-15367,-19763,-20602,15172,23738,24021,711.8,17.2,-6939,-11394,-12212,-23,-1230,-1614,684,2027,2311,0,0,0
2024-02-02,14286,699,793,711,-325,-320,-320,-2917,-2904,-2881,-4531,-4400,-4504,22182,109,90,111,131,115,131,2024-Feb-02,2024-Feb-03,2024-Feb-02,-6718,-10155,-10594,42,112,21542,-762,-723,-734,2024-Jan-17 at 08:00,-1/1 (%),-15278,-19732,-20576,15251,23732,23997,816.9,78.1,-6744,-11385,-12136,-26,-1230,-1542,725,2024,2254,0,0,0
2024-02-01,14264,505,1358,402,-346,-320,-336,-2892,-2899,-2883,-4480,-4463,-4489,22140,86,112,90,168,129,167,2024-Feb-01,2024-Feb-02,2024-Feb-01,-6394,-10140,-10566,48,-376,21542,-863,-778,-858,2024-Jan-17 at 08:00,-1/1 (%),-14997,-19486,-20968,15046,23971,23951,949.2,97.1,-6417,-11026,-12401,-22,-887,-1835,528,2244,2237,0,0,0
2024-01-31,14184,871,1345,867,-353,-335,-376,-2884,-2871,-2897,-4559,-4423,-4489,22091,116,90,105,111,161,117,2024-Jan-31,2024-Feb-01,2024-Jan-31,-6871,-10154,-10508,438,575,21542,-751,-844,-799,2024-Jan-17 at 08:00,-1/1 (%),-15446,-19631,-21007,15311,24060,24710,865.9,293.9,-6899,-11157,-12446,-29,-1004,-1937,900,2349,2804,0,0,0
2024-01-30,13741,945,1724,936,-358,-362,-344,-2874,-2898,-2907,-4592,-4420,-4499,21653,130,106,130,210,92,209,2024-Jan-30,2024-Jan-31,2024-Jan-30,-6272,-10124,-10504,179,412,21189,-742,-783,-714,2024-Jan-17 at 08:00,-1/1 (%),-14862,-19498,-21033,15049,24500,25011,819.1,-14.9,-6296,-11035,-12569,-24,-911,-2064,969,2635,3000,0,0,0
2024-01-29,13949,352,1480,367,-370,-320,-359,-2830,-2907,-2896,-4567,-4443,-4497,21474,125,113,122,148,164,145,2024-Jan-29,2024-Jan-30,2024-Jan-29,-6312,-10126,-10481,-127,-766,21189,-763,-713,-755,2024-Jan-17 at 08:00,-1/1 (%),-14870,-19677,-21335,14603,24597,24649,971.5,-56.0,-6340,-11295,-12829,-28,-1169,-2349,380,2649,2716,0,0,0
2024-01-28,14303,310,1716,362,-389,-402,-404,-2867,-2892,-2896,-4561,-4483,-4490,21601,137,113,113,164,144,144,2024-Jan-28,2024-Jan-29,2024-Jan-28,-6494,-10101,-10526,-171,-87,21189,-748,-709,-770,2024-Jan-17 at 08:00,-1/1 (%),-15088,-19639,-21265,14943,24690,24463,961.5,136.0,-6522,-11153,-12704,-28,-1052,-2179,338,2768,2541,0,0,0
2024-01-27,14236,402,711,441,-387,-403,-403,-2841,-2886,-2893,-4503,-4485,-4483,21772,130,113,113,145,144,144,2024-Jan-27,2024-Jan-28,2024-Jan-27,-6461,-10129,-10528,96,494,21189,-704,-767,-769,2024-Jan-17 at 08:00,-1/1 (%),-14927,-20497,-21244,14944,24459,24531,972.5,249.3,-6491,-11955,-12696,-31,-1826,-2168,433,2537,2609,0,0,0
2024-01-26,14106,581,711,733,-386,-404,-396,-2900,-2888,-2888,-4435,-4490,-4497,21676,114,113,116,134,145,134,2024-Jan-26,2024-Jan-27,2024-Jan-26,-6681,-10149,-10510,-203,-253,21189,-714,-768,-764,2024-Jan-17 at 08:00,-1/1 (%),-15145,-20525,-21059,14964,24459,24649,871.1,349.5,-6710,-11974,-12515,-28,-1825,-2004,610,2536,2737,0,0,0
2024-01-25,14008,1270,1836,1246,-352,-365,-364,-2892,-2858,-2893,-4507,-4383,-4472,21879,77,104,76,77,133,74,2024-Jan-25,2024-Jan-26,2024-Jan-25,-6753,-10104,-10508,-27,-160,21189,-983,-754,-934,2024-Jan-17 at 08:00,-1/1 (%),-15515,-19140,-20767,15460,24410,24643,897.6,304.3,-6781,-10781,-12103,-28,-677,-1596,1298,2513,2842,0,0,0
2024-01-24,13916,1822,2070,1711,-378,-387,-386,-2895,-2892,-2865,-4557,-4396,-4527,21906,122,76,154,129,74,151,2024-Jan-24,2024-Jan-25,2024-Jan-24,-6911,-10096,-10504,175,242,21189,-1002,-959,-959,2024-Jan-17 at 08:00,-1/1 (%),-15771,-19230,-20392,16017,24361,24803,954.3,317.7,-6939,-10597,-11655,-28,-502,-1152,1850,2572,2863,0,0,0
2024-01-23,13688,2009,2080,1956,-383,-386,-414,-2802,-2924,-2894,-4513,-4459,-4537,21731,111,153,113,131,152,165,2024-Jan-23,2024-Jan-24,2024-Jan-23,-7200,-10132,-10589,109,80,21189,-953,-949,-1021,2024-Jan-17 at 08:00,-1/1 (%),-15880,-19443,-20901,15967,24615,25313,998.8,60.4,-7229,-10727,-12035,-29,-595,-1446,2037,2675,3403,0,0,0
2024-01-22,13756,2433,2363,2488,-373,-412,-373,-2855,-2876,-2923,-4452,-4490,-4449,21623,109,88,98,94,74,124,2024-Jan-22,2024-Jan-23,2024-Jan-22,-7698,-10156,-10603,-30,129,21189,-1114,-950,-1142,2024-Jan-17 at 08:00,-1/1 (%),-16509,-19591,-20882,16409,24860,25730,734.0,186.2,-7714,-10864,-11996,-16,-708,-1392,2449,3071,3880,0,0,0
2024-01-21,13837,2577,2553,2490,-344,-335,-355,-2849,-2898,-2907,-4448,-4417,-4473,21653,156,98,98,70,123,124,2024-Jan-21,2024-Jan-22,2024-Jan-21,-7861,-10169,-10639,190,-133,21189,-1060,-1076,-1090,2024-Jan-17 at 08:00,-1/1 (%),-16561,-20167,-20863,16640,25689,25754,697.1,125.9,-7861,-11440,-12037,0,-1271,-1398,2577,3824,3888,0,0,0
2024-01-20,13761,2989,3193,2742,-343,-356,-356,-2903,-2905,-2921,-4469,-4411,-4472,21463,147,98,98,94,123,123,2024-Jan-20,2024-Jan-21,2024-Jan-20,-7676,-10209,-10648,635,781,21189,-1034,-1091,-1090,2024-Jan-17 at 08:00,-1/1 (%),-16425,-20058,-20948,16991,26144,26071,442.3,253.5,-7676,-11295,-12108,0,-1086,-1460,2989,4279,4203,0,0,0
2024-01-19,13530,3171,3202,3095,-348,-355,-337,-2840,-2916,-2864,-4483,-4340,-4533,20828,0,98,142,276,123,125,2024-Jan-19,2024-Jan-20,2024-Jan-19,-8012,-10224,-10650,229,332,21189,-1045,-1106,-1112,2024-Jan-17 at 08:00,-1/1 (%),-16729,-20043,-21193,16977,26203,26742,-2.8,6.7,-8012,-11326,-12347,0,-1102,-1697,3171,4304,4792,0,0,0
2024-01-18,13094,3287,2384,3370,-358,-342,-340,-2579,-2525,-2552,-4454,-4491,-4459,20599,0,142,90,222,123,121,2024-Jan-18,2024-Jan-19,2024-Jan-18,-8315,-10271,-10742,-354,-164,21189,-1253,-1136,-1203,2024-Jan-17 at 08:00,-1/1 (%),-16959,-20090,-21027,16602,25657,26996,-235.9,-4.4,-8315,-11597,-12468,0,-1326,-1726,3287,3710,5096,0,0,0
2024-01-17,13280,3480,2799,3270,-394,-380,-385,-2804,-2571,-2698,-4243,-4318,-4082,20953,18,95,75,134,73,73,2024-Jan-17,2024-Jan-18,2024-Jan-17,-8209,-10300,-10734,-218,-28,21189,-1620,-1361,-1434,2024-Jan-17 at 08:00,-1/1 (%),-17269,-20674,-20877,16912,26396,26640,-111.1,172.3,-8209,-12045,-12277,0,-1745,-1544,3480,4544,4814,0,0,0
2024-01-16,13249,2224,2658,2684,-423,-415,-429,-2569,-2690,-2629,-4089,-3839,-3714,21171,29,75,23,109,74,107,2024-Jan-16,2024-Jan-17,2024-Jan-16,-7873,-10295,-10712,-775,-717,21189,-1445,-1522,-1444,2024-Jan-13 at 08:00,-2/0 (%),-16399,-19344,-20482,15611,25070,26045,84.2,425.7,-7873,-10878,-12215,0,-583,-1503,2224,3241,4187,0,0,0
2024-01-15,12395,3507,2926,3568,-421,-451,-421,-2563,-2626,-2502,-3905,-3470,-4290,21946,7,-16,39,188,74,176,2024-Jan-15,2024-Jan-16,2024-Jan-15,-7980,-10270,-10635,-107,31,21189,-1323,-964,-1120,2024-Jan-13 at 08:00,-2/0 (%),-16192,-19243,-21598,16097,26120,28085,932.1,468.6,-7980,-11641,-13178,0,-1371,-2543,3507,4298,6111,0,0,0
2024-01-14,11764,4330,4703,4643,-415,-398,-402,-2442,-2500,-2430,-3745,-3768,-4053,22053,28,9,11,219,74,202,2024-Jan-14,2024-Jan-15,2024-Jan-14,-8559,-10282,-10611,-174,-43,21189,-1269,-1201,-1212,2024-Jan-13 at 08:00,-2/0 (%),-16431,-19408,-20426,16341,27437,28237,934.3,561.5,-8559,-11449,-12206,0,-1167,-1594,4330,5870,6238,0,0,0
2024-01-13,11777,3894,4260,3490,-414,-407,-424,-2453,-2428,-2423,-3572,-3610,-3915,22227,-7,8,96,121,73,118,2024-Jan-13,2024-Jan-14,2024-Jan-13,-8666,-10246,-10640,-228,-375,21189,-960,-1159,-1382,2024-Jan-13 at 08:00,-2/0 (%),-16073,-19097,-20583,15792,27246,27154,973.6,362.7,-8666,-11400,-12409,0,-1153,-1768,3894,5414,5258,0,0,0
2024-01-12,11739,4045,4099,4482,-418,-385,-403,-2666,-2371,-2170,-3447,-3452,-3177,22455,-38,-23,-76,22,74,77,2024-Jan-12,2024-Jan-13,2024-Jan-12,-8744,-10277,-10601,-243,-22,21189,-716,-1129,-733,2023-Aug-3 at 08:00,-1/1 (%),-16030,-18881,-18795,15806,27058,27840,-200.6,1462.2,-8744,-11446,-12161,0,-1169,-1560,4045,5268,6042,0,0,0
2024-01-11,12369,4145,3383,3952,-381,-391,-366,-2626,-2762,-2949,-3851,-3510,-3794,22698,76,76,67,101,73,92,2024-Jan-11,2024-Jan-12,2024-Jan-11,-8727,-10326,-10658,366,-543,21189,-783,-813,-711,2023-Aug-3 at 08:00,-1/1 (%),-16367,-18448,-20060,16692,25818,27344,1201.8,231.3,-8727,-10971,-12227,0,-646,-1569,4145,4029,5521,0,0,0
2024-01-10,13028,3410,3141,3421,-405,-410,-410,-2911,-2958,-2927,-4489,-4019,-4458,22332,148,76,64,51,73,74,2024-Jan-10,2024-Jan-11,2024-Jan-10,-8375,-10298,-10727,-196,-780,21189,-776,-726,-756,2023-Aug-3 at 08:00,-1/1 (%),-16955,-19285,-20789,16637,25814,26718,763.3,231.2,-8375,-11173,-12225,0,-874,-1498,3410,4016,4919,0,0,0
2024-01-09,13569,2435,2803,2634,-351,-424,-356,-2955,-2930,-2919,-4601,-4427,-4546,22527,142,76,54,33,73,73,2024-Jan-09,2024-Jan-10,2024-Jan-09,-7732,-10275,-10693,-139,-512,21189,-717,-750,-757,2023-Aug-3 at 08:00,-1/1 (%),-16355,-19786,-20757,16179,25581,25894,723.7,642.0,-7732,-11256,-12142,0,-981,-1449,2435,3784,4082,0,0,0
2024-01-08,13785,2470,2773,2352,-334,-337,-320,-2924,-2915,-2924,-4606,-4522,-4569,22666,112,91,113,103,73,103,2024-Jan-08,2024-Jan-09,2024-Jan-08,-7637,-10230,-10675,365,475,21189,-658,-604,-601,2023-Aug-3 at 08:00,-1/1 (%),-16159,-18960,-20484,16469,24936,25594,939.5,484.2,-7637,-10581,-12070,0,-351,-1395,2470,3124,3748,0,0,0
2024-01-07,13967,2230,2361,2187,-333,-328,-346,-2922,-2917,-2923,-4592,-4531,-4570,22302,173,113,113,1,94,94,2024-Jan-07,2024-Jan-08,2024-Jan-07,-7866,-10224,-10637,170,1,21189,-636,-598,-618,2023-Aug-3 at 08:00,-1/1 (%),-16349,-18894,-20385,16371,24493,25328,903.4,50.2,-7866,-10520,-11928,0,-295,-1292,2230,2657,3479,0,0,0
2024-01-06,14018,1490,1651,1486,-331,-346,-346,-2833,-2935,-2920,-4571,-4524,-4576,22132,144,112,112,66,94,93,2024-Jan-06,2024-Jan-07,2024-Jan-06,-7474,-10203,-10645,17,-400,21189,-602,-603,-601,2023-Aug-3 at 08:00,-1/1 (%),-15812,-19368,-20175,15718,24256,24421,919.4,-57.0,-7474,-10960,-11732,0,-757,-1088,1490,2408,2573,0,0,0
2024-01-05,14135,1171,1504,1118,-302,-345,-314,-2924,-2915,-2897,-4557,-4547,-4582,22115,111,112,112,123,93,122,2024-Jan-05,2024-Jan-06,2024-Jan-05,-7203,-10197,-10664,122,65,21189,-537,-602,-677,2023-Aug-3 at 08:00,-1/1 (%),-15523,-19537,-20563,15540,24281,24420,795.8,114.3,-7203,-11128,-12092,0,-931,-1428,1171,2434,2545,0,0,0
2024-01-04,14138,1600,2019,1416,-301,-305,-306,-2986,-2894,-2903,-4590,-4538,-4580,21993,126,112,128,200,122,199,2024-Jan-04,2024-Jan-05,2024-Jan-04,-7135,-10169,-10664,459,641,21189,-606,-600,-589,2023-Aug-3 at 08:00,-1/1 (%),-15618,-19022,-20543,16065,24408,24867,554.8,323.0,-7135,-10685,-12165,0,-515,-1501,1600,2534,2918,0,0,0
2024-01-03,14113,1114,1788,1212,-315,-307,-326,-2859,-2918,-2850,-4580,-4555,-4576,21534,113,128,111,242,210,243,2024-Jan-03,2024-Jan-04,2024-Jan-03,-7253,-10160,-10598,66,-226,21189,-562,-635,-611,2023-Aug-3 at 08:00,-1/1 (%),-15568,-19185,-20116,15581,24352,24334,429.7,-82.9,-7253,-10770,-11753,0,-610,-1154,1114,2398,2366,0,0,0
2024-01-02,14243,733,1706,813,-327,-317,-317,-2889,-2906,-2887,-4571,-4577,-4561,21468,88,112,90,196,201,197,2024-Jan-02,2024-Jan-03,2024-Jan-02,-7317,-10176,-10622,-269,-340,21189,-455,-554,-468,2023-Aug-3 at 08:00,-1/1 (%),-15562,-18969,-20203,15264,24069,24061,468.0,-207.8,-7320,-10615,-11969,-3,-438,-1347,737,2144,2161,0,0,0
2024-01-01,14300,300,909,307,-327,-315,-317,-2814,-2896,-2894,-4574,-4534,-4546,21736,81,90,90,199,197,197,2024-Jan-01,2024-Jan-02,2024-Jan-01,-6944,-10193,-10626,-138,-309,21189,-452,-426,-418,2023-Aug-3 at 08:00,-1/1 (%),-15171,-19451,-20595,14939,23902,24005,514.0,113.4,-7004,-11280,-12420,-60,-1087,-1794,359,1996,2102,0,0,0
