Date,NGTL Field Receipts,Total Net Storage,OTHER BORDERS,ALBERTA-B.C. BDR,EMPRESS BORDER,End of Day Linepack,GORDONDALE BORDER,GROUNDBIRCH EAST,Gas Day,Intraprovincial,Linepack Change (Last 24 hours),Linepack Rate of Change,Linepack Target,MCNEILL BORDER,Tolerance Last Changed,Tolerance,Total NGTL Deliveries,Total NGTL Receipts,Total OBA Account (TJ),Total SD Account (TJ),Total Storage + Intraprovincial,Total Storage Deliveries,Total Storage Receipts,WILLOW VALLEY INTERCONNECT,NIT_Price,MAX_TEMPERATURE,MIN_TEMPERATURE,MEAN_TEMPERATURE,MIN_REL_HUMIDITY,MAX_REL_HUMIDITY,TOTAL_PRECIPITATION,TOTAL_RAIN,TOTAL_SNOW,HEATING_DEGREE_DAYS,COOLING_DEGREE_DAYS
2024-01-01,14300,300,-327,-2814,-4574,21736,81,199,2024-Jan-01,-6944,-138,-309,21189,-452,2023-Aug-3 at 08:00,-1/1 (%),-15171,14939,514.0,113.4,-7004,-60,359,0,1.63,4.2,-4.2,0.0,50.0,92.0,2.0,2.0,0.0,18.0,0.0
2024-01-02,14243,733,-327,-2889,-4571,21468,88,196,2024-Jan-02,-7317,-269,-340,21189,-455,2023-Aug-3 at 08:00,-1/1 (%),-15562,15264,468.0,-207.8,-7320,-3,737,0,1.63,3.1,-7.3,-2.1,50.0,95.0,0.0,0.0,0.0,20.1,0.0
2024-01-03,14113,1114,-315,-2859,-4580,21534,113,242,2024-Jan-03,-7253,66,-226,21189,-562,2023-Aug-3 at 08:00,-1/1 (%),-15568,15581,429.7,-82.9,-7253,0,1114,0,1.68,-4.0,-8.3,-6.2,95.0,98.0,0.0,0.0,0.0,24.2,0.0
2024-01-04,14138,1600,-301,-2986,-4590,21993,126,200,2024-Jan-04,-7135,459,641,21189,-606,2023-Aug-3 at 08:00,-1/1 (%),-15618,16065,554.8,323.0,-7135,0,1600,0,1.86,4.4,-8.3,-2.0,42.0,98.0,0.0,0.0,0.0,20.0,0.0
2024-01-05,14135,1171,-302,-2924,-4557,22115,111,123,2024-Jan-05,-7203,122,65,21189,-537,2023-Aug-3 at 08:00,-1/1 (%),-15523,15540,795.8,114.3,-7203,0,1171,0,2.36,3.9,-3.7,0.1,31.0,82.0,0.0,0.0,0.0,17.9,0.0
2024-01-06,14018,1490,-331,-2833,-4571,22132,144,66,2024-Jan-06,-7474,17,-400,21189,-602,2023-Aug-3 at 08:00,-1/1 (%),-15812,15718,919.4,-57.0,-7474,0,1490,0,2.25,-0.4,-9.6,-5.0,44.0,86.0,1.2,0.0,1.0,23.0,0.0
2024-01-07,13967,2230,-333,-2922,-4592,22302,173,1,2024-Jan-07,-7866,170,1,21189,-636,2023-Aug-3 at 08:00,-1/1 (%),-16349,16371,903.4,50.2,-7866,0,2230,0,2.25,-9.6,-17.4,-13.5,71.0,87.0,2.0,0.0,3.2,31.5,0.0
2024-01-08,13785,2470,-334,-2924,-4606,22666,112,103,2024-Jan-08,-7637,365,475,21189,-658,2023-Aug-3 at 08:00,-1/1 (%),-16159,16469,939.5,484.2,-7637,0,2470,0,2.25,-1.9,-19.6,-10.8,36.0,84.0,0.0,0.0,0.0,28.8,0.0
2024-01-09,13569,2435,-351,-2955,-4601,22527,142,33,2024-Jan-09,-7732,-139,-512,21189,-717,2023-Aug-3 at 08:00,-1/1 (%),-16355,16179,723.7,642.0,-7732,0,2435,0,2.58,0.1,-15.4,-7.7,44.0,82.0,0.8,0.0,0.8,25.7,0.0
2024-01-10,13028,3410,-405,-2911,-4489,22332,148,51,2024-Jan-10,-8375,-196,-780,21189,-776,2023-Aug-3 at 08:00,-1/1 (%),-16955,16637,763.3,231.2,-8375,0,3410,0,3.25,-15.3,-24.4,-19.9,69.0,79.0,10.0,0.0,10.0,37.9,0.0
2024-01-11,12369,4145,-381,-2626,-3851,22698,76,101,2024-Jan-11,-8727,366,-543,21189,-783,2023-Aug-3 at 08:00,-1/1 (%),-16367,16692,1201.8,231.3,-8727,0,4145,0,3.46,-24.1,-32.4,-28.3,60.0,71.0,1.2,0.0,1.2,46.3,0.0
2024-01-12,11739,4045,-418,-2666,-3447,22455,-38,22,2024-Jan-12,-8744,-243,-22,21189,-716,2023-Aug-3 at 08:00,-1/1 (%),-16030,15806,-200.6,1462.2,-8744,0,4045,0,3.6,-30.4,-35.6,-33.0,52.0,70.0,0.0,0.0,0.0,51.0,0.0
2024-01-13,11777,3894,-414,-2453,-3572,22227,-7,121,2024-Jan-13,-8666,-228,-375,21189,-960,2024-Jan-13 at 08:00,-2/0 (%),-16073,15792,973.6,362.7,-8666,0,3894,0,13.86,-26.7,-34.8,-30.8,52.0,72.0,0.0,0.0,0.0,48.8,0.0
2024-01-14,11764,4330,-415,-2442,-3745,22053,28,219,2024-Jan-14,-8559,-174,-43,21189,-1269,2024-Jan-13 at 08:00,-2/0 (%),-16431,16341,934.3,561.5,-8559,0,4330,0,13.86,-27.2,-36.2,-31.7,59.0,75.0,0.0,0.0,0.0,49.7,0.0
2024-01-15,12395,3507,-421,-2563,-3905,21946,7,188,2024-Jan-15,-7980,-107,31,21189,-1323,2024-Jan-13 at 08:00,-2/0 (%),-16192,16097,932.1,468.6,-7980,0,3507,0,13.86,-7.6,-31.4,-19.5,41.0,75.0,0.0,0.0,0.0,37.5,0.0
2024-01-16,13249,2224,-423,-2569,-4089,21171,29,109,2024-Jan-16,-7873,-775,-717,21189,-1445,2024-Jan-13 at 08:00,-2/0 (%),-16399,15611,84.2,425.7,-7873,0,2224,0,13.86,-6.4,-15.1,-10.8,52.0,90.0,3.2,0.0,4.0,28.8,0.0
2024-01-17,13280,3480,-394,-2804,-4243,20953,18,134,2024-Jan-17,-8209,-218,-28,21189,-1620,2024-Jan-17 at 08:00,-1/1 (%),-17269,16912,-111.1,172.3,-8209,0,3480,0,2.19,-14.8,-18.4,-16.6,74.0,81.0,5.4,0.0,5.2,34.6,0.0
2024-01-18,13094,3287,-358,-2579,-4454,20599,0,222,2024-Jan-18,-8315,-354,-164,21189,-1253,2024-Jan-17 at 08:00,-1/1 (%),-16959,16602,-235.9,-4.4,-8315,0,3287,0,2.58,-14.9,-23.2,-19.1,55.0,82.0,0.0,0.0,0.0,37.1,0.0
2024-01-19,13530,3171,-348,-2840,-4483,20828,0,276,2024-Jan-19,-8012,229,332,21189,-1045,2024-Jan-17 at 08:00,-1/1 (%),-16729,16977,-2.8,6.7,-8012,0,3171,0,2.33,-15.6,-24.6,-20.1,68.0,81.0,0.0,0.0,0.0,38.1,0.0
2024-01-20,13761,2989,-343,-2903,-4469,21463,147,94,2024-Jan-20,-7676,635,781,21189,-1034,2024-Jan-17 at 08:00,-1/1 (%),-16425,16991,442.3,253.5,-7676,0,2989,0,2.25,-7.2,-15.6,-11.4,70.0,86.0,0.0,0.0,0.0,29.4,0.0
2024-01-21,13837,2577,-344,-2849,-4448,21653,156,70,2024-Jan-21,-7861,190,-133,21189,-1060,2024-Jan-17 at 08:00,-1/1 (%),-16561,16640,697.1,125.9,-7861,0,2577,0,2.25,-11.7,-12.9,-12.3,76.0,87.0,0.0,0.0,0.0,30.3,0.0
2024-01-22,13756,2433,-373,-2855,-4452,21623,109,94,2024-Jan-22,-7698,-30,129,21189,-1114,2024-Jan-17 at 08:00,-1/1 (%),-16509,16409,734.0,186.2,-7714,-16,2449,0,2.25,-12.2,-14.4,-13.3,83.0,89.0,2.1,0.0,2.7,31.3,0.0
2024-01-23,13688,2009,-383,-2802,-4513,21731,111,131,2024-Jan-23,-7200,109,80,21189,-953,2024-Jan-17 at 08:00,-1/1 (%),-15880,15967,998.8,60.4,-7229,-29,2037,0,1.91,8.0,-12.4,-2.2,41.0,83.0,0.0,0.0,0.0,20.2,0.0
2024-01-24,13916,1822,-378,-2895,-4557,21906,122,129,2024-Jan-24,-6911,175,242,21189,-1002,2024-Jan-17 at 08:00,-1/1 (%),-15771,16017,954.3,317.7,-6939,-28,1850,0,1.77,4.9,-7.5,-1.3,48.0,85.0,0.0,0.0,0.0,19.3,0.0
2024-01-25,14008,1270,-352,-2892,-4507,21879,77,77,2024-Jan-25,-6753,-27,-160,21189,-983,2024-Jan-17 at 08:00,-1/1 (%),-15515,15460,897.6,304.3,-6781,-28,1298,0,1.97,8.5,-0.8,3.9,34.0,76.0,0.0,0.0,0.0,14.1,0.0
2024-01-26,14106,581,-386,-2900,-4435,21676,114,134,2024-Jan-26,-6681,-203,-253,21189,-714,2024-Jan-17 at 08:00,-1/1 (%),-15145,14964,871.1,349.5,-6710,-28,610,0,1.98,8.2,-3.0,2.6,34.0,67.0,0.0,0.0,0.0,15.4,0.0
2024-01-27,14236,402,-387,-2841,-4503,21772,130,145,2024-Jan-27,-6461,96,494,21189,-704,2024-Jan-17 at 08:00,-1/1 (%),-14927,14944,972.5,249.3,-6491,-31,433,0,1.75,11.5,-5.4,3.1,37.0,74.0,0.0,0.0,0.0,14.9,0.0
2024-01-28,14303,310,-389,-2867,-4561,21601,137,164,2024-Jan-28,-6494,-171,-87,21189,-748,2024-Jan-17 at 08:00,-1/1 (%),-15088,14943,961.5,136.0,-6522,-28,338,0,1.75,13.1,-0.6,6.3,45.0,86.0,0.0,0.0,0.0,11.7,0.0
2024-01-29,13949,352,-370,-2830,-4567,21474,125,148,2024-Jan-29,-6312,-127,-766,21189,-763,2024-Jan-17 at 08:00,-1/1 (%),-14870,14603,971.5,-56.0,-6340,-28,380,0,1.75,9.9,-0.5,4.7,53.0,83.0,0.0,0.0,0.0,13.3,0.0
2024-01-30,13741,945,-358,-2874,-4592,21653,130,210,2024-Jan-30,-6272,179,412,21189,-742,2024-Jan-17 at 08:00,-1/1 (%),-14862,15049,819.1,-14.9,-6296,-24,969,0,1.69,15.4,0.6,8.0,25.0,73.0,0.0,0.0,0.0,10.0,0.0
2024-01-31,14184,871,-353,-2884,-4559,22091,116,111,2024-Jan-31,-6871,438,575,21542,-751,2024-Jan-17 at 08:00,-1/1 (%),-15446,15311,865.9,293.9,-6899,-29,900,0,1.7,8.8,-3.0,2.9,56.0,86.0,0.0,0.0,0.0,15.1,0.0
2024-02-01,14264,505,-346,-2892,-4480,22140,86,168,2024-Feb-01,-6394,48,-376,21542,-863,2024-Jan-17 at 08:00,-1/1 (%),-14997,15046,949.2,97.1,-6417,-22,528,0,1.8,12.6,-0.2,6.2,48.0,70.0,0.0,0.0,0.0,11.8,0.0
2024-02-02,14286,699,-325,-2917,-4531,22182,109,131,2024-Feb-02,-6718,42,112,21542,-762,2024-Jan-17 at 08:00,-1/1 (%),-15278,15251,816.9,78.1,-6744,-26,725,0,1.76,12.1,-1.5,5.3,42.0,89.0,0.0,0.0,0.0,12.7,0.0
2024-02-03,14280,660,-328,-2930,-4455,22071,92,116,2024-Feb-03,-6915,-111,-369,21542,-716,2024-Jan-17 at 08:00,-1/1 (%),-15367,15172,711.8,17.2,-6939,-23,684,0,1.78,5.5,-3.1,1.2,55.0,89.0,0.8,0.8,0.0,16.8,0.0
2024-02-04,14359,973,-317,-2955,-4449,21895,86,117,2024-Feb-04,-7329,-176,-273,21542,-726,2024-Jan-17 at 08:00,-1/1 (%),-15804,15562,519.2,-81.1,-7358,-28,1001,0,1.78,-2.6,-7.3,-5.0,67.0,90.0,7.9,0.0,9.3,23.0,0.0
2024-02-05,14271,1470,-313,-2963,-4457,21965,79,117,2024-Feb-05,-7418,70,65,21542,-698,2024-Jan-17 at 08:00,-1/1 (%),-15865,15952,554.1,82.1,-7433,-15,1485,0,1.78,-2.3,-12.6,-7.5,69.0,97.0,0.0,0.0,0.0,25.5,0.0
2024-02-06,14142,1427,-313,-2914,-4448,22010,111,105,2024-Feb-06,-7378,45,-20,21542,-715,2024-Jan-17 at 08:00,-1/1 (%),-15794,15810,603.2,137.2,-7404,-26,1453,0,1.93,-6.3,-8.5,-7.4,90.0,95.0,0.2,0.0,0.2,25.4,0.0
2024-02-07,14123,1199,-322,-2952,-4371,21915,94,141,2024-Feb-07,-7316,-96,-24,21542,-679,2024-Jan-17 at 08:00,-1/1 (%),-15667,15585,618.1,667.2,-7344,-28,1227,0,1.91,-7.0,-8.2,-7.6,93.0,94.0,2.1,0.0,2.8,25.6,0.0
2024-02-08,14131,723,-338,-2940,-4277,21586,90,104,2024-Feb-08,-7314,-329,-185,21542,-605,2024-Jan-17 at 08:00,-1/1 (%),-15480,15055,673.1,199.6,-7320,-7,730,0,1.85,-4.6,-7.7,-6.2,86.0,97.0,0.4,0.0,0.4,24.2,0.0
2024-02-09,14267,815,-343,-2925,-4321,21364,88,98,2024-Feb-09,-7433,-222,-470,21542,-609,2024-Jan-17 at 08:00,-1/1 (%),-15646,15282,555.5,-105.9,-7448,-14,830,0,1.73,-4.3,-11.8,-8.1,64.0,92.0,0.6,0.0,0.6,26.1,0.0
2024-02-10,14338,855,-346,-2934,-4380,21544,111,128,2024-Feb-10,-6886,179,417,21542,-685,2024-Jan-17 at 08:00,-1/1 (%),-15249,15450,437.9,227.8,-6904,-17,873,0,1.68,5.5,-15.6,-5.1,43.0,91.0,0.0,0.0,0.0,23.1,0.0
2024-02-11,14312,754,-328,-2914,-4348,21596,64,60,2024-Feb-11,-6927,52,10,21542,-708,2024-Jan-17 at 08:00,-1/1 (%),-15252,15219,283.8,177.9,-6955,-28,782,0,1.68,4.2,-4.9,-0.4,48.0,81.0,0.0,0.0,0.0,18.4,0.0
2024-02-12,14362,740,-298,-2896,-4361,21719,101,143,2024-Feb-12,-7015,124,-17,21542,-750,2024-Jan-17 at 08:00,-1/1 (%),-15348,15374,338.9,83.6,-7043,-28,767,0,1.68,2.9,-7.7,-2.4,40.0,90.0,0.0,0.0,0.0,20.4,0.0
2024-02-13,14278,1094,-299,-2914,-4429,21784,111,117,2024-Feb-13,-7151,65,-45,21542,-710,2024-Jan-17 at 08:00,-1/1 (%),-15530,15628,480.8,-49.7,-7179,-27,1121,0,1.72,-3.9,-13.8,-8.9,64.0,86.0,0.4,0.0,0.8,26.9,0.0
2024-02-14,14199,1245,-308,-2914,-4434,21686,138,102,2024-Feb-14,-7442,-98,-129,21542,-653,2024-Jan-17 at 08:00,-1/1 (%),-15751,15683,561.6,-216.7,-7442,0,1245,0,1.68,,,,,,0.0,0.0,0.0,,
2024-02-15,14299,1510,-335,-2938,-4412,21803,77,92,2024-Feb-15,-7546,117,100,21542,-629,2024-Jan-17 at 08:00,-1/1 (%),-15866,15982,456.2,44.6,-7551,-6,1515,0,1.65,-8.5,-16.9,-12.7,56.0,88.0,0.2,0.0,0.2,30.7,0.0
2024-02-16,14046,1162,-336,-2849,-4410,21962,84,94,2024-Feb-16,-7034,159,238,21542,-569,2024-Jan-17 at 08:00,-1/1 (%),-15207,15394,535.9,167.4,-7042,-8,1170,0,1.67,2.7,-17.6,-7.5,17.0,81.0,0.0,0.0,0.0,25.5,0.0
2024-02-17,14272,796,-349,-2950,-4434,22171,101,99,2024-Feb-17,-6883,209,73,21542,-552,2024-Jan-17 at 08:00,-1/1 (%),-15188,15288,369.7,417.8,-6903,-21,816,0,1.62,5.0,-12.0,-3.5,33.0,68.0,0.0,0.0,0.0,21.5,0.0
2024-02-18,14304,480,-334,-2938,-4410,22115,113,92,2024-Feb-18,-6922,-56,-379,21542,-516,2024-Jan-17 at 08:00,-1/1 (%),-15148,15018,481.7,196.8,-6950,-28,509,0,1.62,4.9,-11.2,-3.2,26.0,72.0,0.0,0.0,0.0,21.2,0.0
2024-02-19,14287,458,-337,-2862,-4394,22001,104,99,2024-Feb-19,-6958,-114,-147,21542,-561,2024-Jan-17 at 08:00,-1/1 (%),-15141,14976,314.5,163.8,-6986,-28,486,0,1.62,4.3,-11.6,-3.7,36.0,83.0,0.0,0.0,0.0,21.7,0.0
2024-02-20,14191,463,-346,-2913,-4295,22178,100,129,2024-Feb-20,-6798,177,-11,21542,-457,2024-Jan-17 at 08:00,-1/1 (%),-14835,14910,455.8,114.8,-6824,-26,490,0,1.62,7.5,-7.6,-0.1,41.0,82.0,0.0,0.0,0.0,18.1,0.0
2024-02-21,14146,551,-335,-2882,-4431,22242,83,110,2024-Feb-21,-6631,63,83,21542,-483,2024-Jan-17 at 08:00,-1/1 (%),-14790,14918,280.6,311.3,-6659,-28,579,0,1.55,5.3,-4.9,0.2,41.0,77.0,0.0,0.0,0.0,17.8,0.0
2024-02-22,14115,-199,-326,-2887,-4378,21857,90,118,2024-Feb-22,-6285,-384,-468,21542,-588,2024-Feb-22 at 08:00,-2/0 (%),-14905,14564,187.9,2.2,-6726,-441,242,0,1.69,10.4,-3.8,3.3,29.0,68.0,0.0,0.0,0.0,14.7,0.0
2024-02-23,14292,-11,-337,-2885,-4302,22161,116,199,2024-Feb-23,-6148,304,161,21542,-662,2024-Feb-22 at 08:00,-2/0 (%),-14632,14895,351.7,102.9,-6446,-298,287,0,1.63,10.9,4.3,7.6,21.0,38.0,0.0,0.0,0.0,10.4,0.0
2024-02-24,14329,-368,-329,-2746,-4244,21860,128,135,2024-Feb-24,-6770,-302,-48,21542,-484,2024-Feb-22 at 08:00,-2/0 (%),-15214,14863,220.6,-226.1,-7410,-640,272,0,1.61,4.8,-4.5,0.2,38.0,83.0,1.0,0.0,1.0,17.8,0.0
2024-02-25,14322,4,-323,-2760,-4244,21858,168,117,2024-Feb-25,-6871,-2,-283,21542,-481,2024-Feb-22 at 08:00,-2/0 (%),-14973,14906,315.2,-328.6,-7166,-294,298,0,1.61,4.8,-7.6,-1.4,58.0,98.0,0.0,0.0,0.0,19.4,0.0
2024-02-26,14026,1184,-312,-2791,-4231,21764,155,125,2024-Feb-26,-7787,-94,-200,21542,-511,2024-Feb-22 at 08:00,-2/0 (%),-15634,15491,284.2,-365.7,-7789,-1,1185,0,1.61,-3.9,-21.0,-12.5,64.0,98.0,1.4,0.0,2.1,30.5,0.0
2024-02-27,13914,1564,-308,-2861,-4086,22088,143,116,2024-Feb-27,-7820,323,50,21542,-377,2024-Feb-22 at 08:00,-2/0 (%),-15452,15736,457.7,-83.4,-7820,0,1564,0,1.73,-17.2,-22.4,-19.8,59.0,78.0,1.6,0.0,1.8,37.8,0.0
2024-02-28,13585,761,-315,-2892,-4167,21816,144,126,2024-Feb-28,-7066,-271,-52,21542,-426,2024-Feb-22 at 08:00,-2/0 (%),-14866,14617,342.8,-136.6,-7066,0,761,0,1.68,2.9,-19.4,-8.3,51.0,80.0,0.0,0.0,0.0,26.3,0.0
2024-02-29,13837,1185,-322,-2831,-4366,22035,192,108,2024-Feb-29,-7034,219,292,21542,-496,2024-Feb-22 at 08:00,-2/0 (%),-15047,15322,560.8,24.6,-7034,0,1185,0,1.69,9.9,-10.7,-0.4,47.0,86.0,1.7,0.0,2.0,18.4,0.0
2024-03-01,13891,817,-301,-2885,-4028,21721,89,153,2024-Mar-01,-7655,-314,-174,21542,-522,2024-Feb-22 at 08:00,-2/0 (%),-15396,14956,477.3,-361.1,-7661,-6,823,0,1.73,-9.1,-13.6,-11.4,79.0,89.0,2.4,0.0,4.0,29.4,0.0
2024-03-02,13979,929,-299,-2928,-3972,21499,103,131,2024-Mar-02,-7785,-222,-236,21542,-353,2024-Feb-22 at 08:00,-2/0 (%),-15344,15149,332.2,-311.9,-7792,-7,935,0,1.71,-13.1,-20.3,-16.7,75.0,89.0,12.4,0.0,18.0,34.7,0.0
2024-03-03,13878,942,-293,-2920,-3967,21436,106,125,2024-Mar-03,-7867,-63,-487,21542,-147,2024-Feb-22 at 08:00,-2/0 (%),-15197,15054,375.7,-494.5,-7870,-3,946,0,1.71,-16.1,-24.9,-20.5,60.0,81.0,0.0,0.0,0.0,38.5,0.0
2024-03-04,13867,1535,-270,-2874,-4036,21254,100,120,2024-Mar-04,-8100,-183,-136,21542,-421,2024-Feb-22 at 08:00,-2/0 (%),-15701,15622,104.9,-166.6,-8100,0,1535,0,1.71,-17.7,-21.5,-19.6,53.0,79.0,0.0,0.0,0.0,37.6,0.0
2024-03-05,13737,1468,-290,-2925,-3923,21256,74,92,2024-Mar-05,-8036,3,-318,21542,-204,2024-Feb-22 at 08:00,-2/0 (%),-15379,15370,353.2,-392.0,-8036,0,1468,0,1.9,-12.0,-24.4,-18.2,58.0,81.0,2.5,0.0,2.7,36.2,0.0
2024-03-06,13847,1747,-285,-2946,-4061,21674,77,99,2024-Mar-06,-7852,418,320,21542,-328,2024-Feb-22 at 08:00,-2/0 (%),-15472,15770,399.9,-93.6,-7852,0,1747,0,1.88,-7.8,-17.2,-12.5,61.0,86.0,0.6,0.0,0.6,30.5,0.0
2024-03-07,14078,795,-296,-2915,-4034,21720,74,138,2024-Mar-07,-7241,46,-275,21542,-576,2024-Feb-22 at 08:00,-2/0 (%),-15083,15106,405.8,220.9,-7263,-22,816,0,1.89,1.7,-17.8,-8.1,24.0,86.0,0.0,0.0,0.0,26.1,0.0
2024-03-08,14180,-10,-300,-2917,-4030,21672,84,151,2024-Mar-08,-6828,-48,-371,21542,-471,2024-Feb-22 at 08:00,-2/0 (%),-14747,14605,468.4,47.0,-7029,-201,191,0,1.75,7.8,-9.9,-1.1,35.0,65.0,0.0,0.0,0.0,19.1,0.0
2024-03-09,14314,-224,-302,-2915,-4035,21822,90,111,2024-Mar-09,-6505,151,-64,21542,-491,2024-Feb-22 at 08:00,-2/0 (%),-14595,14638,507.5,39.5,-6852,-347,123,0,1.64,10.2,-1.6,4.3,25.0,77.0,0.0,0.0,0.0,13.7,0.0
2024-03-10,14303,-325,-304,-2884,-4053,21835,104,115,2024-Mar-10,-6507,12,-341,21542,-483,2024-Feb-22 at 08:00,-2/0 (%),-14671,14638,587.3,-139.2,-6948,-441,116,0,1.64,9.5,-4.2,2.7,28.0,69.0,0.0,0.0,0.0,15.3,0.0
2024-03-11,14296,-277,-299,-2879,-3986,21843,109,110,2024-Mar-11,-6552,8,-17,21719,-566,2024-Feb-22 at 08:00,-2/0 (%),-14685,14642,534.4,-157.9,-6955,-403,126,0,1.64,9.2,-4.8,2.2,23.0,86.0,0.0,0.0,0.0,15.8,0.0
2024-03-12,14164,-210,-305,-2827,-4007,22070,100,152,2024-Mar-12,-6534,227,56,21719,-363,2024-Feb-22 at 08:00,-2/0 (%),-14340,14510,901.5,-210.8,-6838,-304,94,0,1.61,9.9,-0.7,4.6,25.0,65.0,0.0,0.0,0.0,13.4,0.0
2024-03-13,13966,-440,-305,-2894,-3884,21894,96,124,2024-Mar-13,-6753,-176,-602,21719,-132,2024-Feb-22 at 08:00,-2/0 (%),-14448,14225,876.5,-589.3,-7232,-479,39,0,1.6,6.3,-3.4,1.5,50.0,88.0,0.0,0.0,0.0,16.5,0.0
2024-03-14,14119,-312,-309,-2887,-3844,21962,117,130,2024-Mar-14,-6351,68,295,21719,-473,2024-Feb-22 at 08:00,-2/0 (%),-14213,14402,703.3,-112.9,-6700,-348,37,0,1.53,10.0,-3.6,3.2,28.0,95.0,0.0,0.0,0.0,14.8,0.0
2024-03-15,14335,-711,-308,-2820,-3924,21992,89,135,2024-Mar-15,-6562,30,-232,21719,-272,2024-Feb-22 at 08:00,-2/0 (%),-14634,14597,656.2,-193.5,-7311,-749,39,0,1.61,12.4,1.3,6.9,40.0,74.0,0.0,0.0,0.0,11.1,0.0
2024-03-16,14275,-623,-302,-2695,-4059,21979,99,193,2024-Mar-16,-6612,-13,12,21719,-386,2024-Feb-22 at 08:00,-2/0 (%),-14715,14606,735.4,-354.7,-7273,-661,38,0,1.56,14.2,-1.3,6.5,30.0,88.0,0.0,0.0,0.0,11.5,0.0
2024-03-17,13983,-628,-305,-2729,-4050,22106,83,193,2024-Mar-17,-6127,127,172,21719,-333,2024-Feb-22 at 08:00,-2/0 (%),-14212,14300,838.3,-335.9,-6795,-668,40,0,1.56,15.7,-2.5,6.6,28.0,95.0,0.0,0.0,0.0,11.4,0.0
2024-03-18,13975,-338,-299,-2711,-4044,22292,93,233,2024-Mar-18,-6260,186,55,21719,-456,2024-Feb-22 at 08:00,-2/0 (%),-14194,14387,944.2,-128.9,-6684,-424,86,0,1.56,16.5,4.1,10.3,28.0,61.0,0.0,0.0,0.0,7.7,0.0
2024-03-19,14054,-104,-295,-2576,-4042,22129,99,168,2024-Mar-19,-6962,-163,-680,21719,-420,2024-Feb-22 at 08:00,-2/0 (%),-14507,14428,957.3,-260.1,-7174,-212,108,0,1.68,5.6,-2.9,1.4,53.0,91.0,0.4,0.0,0.4,16.6,0.0
2024-03-20,13994,322,-300,-2422,-4000,22230,100,153,2024-Mar-20,-7330,101,112,21719,-529,2024-Feb-22 at 08:00,-2/0 (%),-14642,14631,821.0,-243.9,-7392,-62,384,0,1.75,-2.8,-9.4,-6.1,79.0,94.0,13.9,0.0,16.1,24.1,0.0
2024-03-21,14194,254,-295,-2415,-4107,22257,85,175,2024-Mar-21,-7406,27,-118,21719,-494,2024-Feb-22 at 08:00,-2/0 (%),-14724,14715,934.3,27.9,-7413,-7,261,0,1.77,-4.4,-9.9,-7.2,70.0,89.0,7.6,0.0,7.6,25.2,0.0
2024-03-22,14233,-241,-295,-2310,-4163,21920,120,173,2024-Mar-22,-7349,-337,-362,21719,-550,2024-Feb-22 at 08:00,-2/0 (%),-15041,14659,877.9,-83.6,-7723,-374,133,0,1.65,-6.3,-9.8,-8.1,77.0,90.0,6.2,0.0,6.6,26.1,0.0
2024-03-23,14263,-194,-314,-2324,-4131,21863,123,174,2024-Mar-23,-7269,-56,-57,21719,-543,2024-Feb-22 at 08:00,-2/0 (%),-14901,14684,729.2,-104.0,-7588,-319,125,0,1.6,-7.6,-9.8,-8.7,78.0,93.0,5.6,0.0,6.0,26.7,0.0
2024-03-24,14253,-172,-310,-2331,-4105,21973,120,150,2024-Mar-24,-7059,110,-338,21719,-504,2024-Feb-22 at 08:00,-2/0 (%),-14603,14646,855.4,-34.5,-7352,-293,122,0,1.6,-5.3,-10.0,-7.7,71.0,93.0,0.0,0.0,0.0,25.7,0.0
2024-03-25,14010,-186,-323,-2367,-4128,21820,152,156,2024-Mar-25,-7027,-153,-362,21719,-474,2024-Feb-22 at 08:00,-2/0 (%),-14626,14441,811.8,-79.0,-7335,-308,123,0,1.6,-6.8,-13.5,-10.2,74.0,88.0,0.0,0.0,0.0,28.2,0.0
2024-03-26,13968,-154,-326,-2241,-4244,21719,115,160,2024-Mar-26,-6794,-100,-325,21719,-534,2024-Feb-22 at 08:00,-2/0 (%),-14388,14339,686.4,-58.1,-7044,-250,96,0,1.55,-1.6,-9.2,-5.4,72.0,93.0,0.0,0.0,0.0,23.4,0.0
2024-03-27,13978,-219,-330,-2726,-4219,21358,127,274,2024-Mar-27,-6702,-361,-515,21719,-543,2024-Feb-22 at 08:00,-2/0 (%),-14849,14490,399.8,-186.0,-7032,-330,111,0,1.63,6.8,-6.4,0.2,39.0,79.0,0.0,0.0,0.0,17.8,0.0
2024-03-28,14197,-65,-323,-2535,-4005,21591,197,183,2024-Mar-28,-7039,233,-114,21719,-451,2024-Feb-22 at 08:00,-2/0 (%),-14545,14705,510.3,-24.7,-7232,-193,128,0,1.59,2.8,-6.7,-2.0,65.0,91.0,1.2,0.0,1.2,20.0,0.0
2024-03-29,14330,-275,-321,-2570,-3981,21533,195,157,2024-Mar-29,-7274,-58,-466,21719,-399,2024-Feb-22 at 08:00,-2/0 (%),-14859,14721,522.8,-139.5,-7588,-314,39,0,1.59,-5.3,-9.7,-7.5,71.0,92.0,4.3,0.0,5.2,25.5,0.0
2024-03-30,14349,-355,-319,-2572,-3997,21707,136,157,2024-Mar-30,-6946,174,-98,21719,-394,2024-Feb-22 at 08:00,-2/0 (%),-14628,14687,597.4,-78.4,-7347,-401,46,0,1.59,-1.2,-13.1,-7.2,63.0,94.0,0.0,0.0,0.0,25.2,0.0
2024-03-31,14291,-613,-312,-2583,-4011,22011,133,166,2024-Mar-31,-6474,304,-62,21719,-396,2024-Feb-22 at 08:00,-2/0 (%),-14430,14631,662.0,128.4,-7128,-654,41,0,1.59,4.8,-6.5,-0.9,34.0,82.0,0.0,0.0,0.0,18.9,0.0
2024-04-01,14196,-895,-354,-2503,-4026,21929,2,213,2024-Apr-01,-6322,-82,-13,21719,-480,2024-Feb-22 at 08:00,-2/0 (%),-14579,14411,644.0,-78.6,-7217,-895,0,0,1.59,10.5,-1.9,4.3,34.0,81.0,0.0,0.0,0.0,13.7,0.0
2024-04-02,14058,-1098,-352,-2423,-3969,21942,0,336,2024-Apr-02,-5944,13,50,21719,-580,2024-Feb-22 at 08:00,-2/0 (%),-14365,14394,742.9,-188.3,-7041,-1098,0,0,1.58,17.6,0.2,8.9,26.0,77.0,0.0,0.0,0.0,9.1,0.0
2024-04-03,14016,-891,-352,-2495,-3952,21654,0,370,2024-Apr-03,-6149,-288,-461,21719,-686,2024-Feb-22 at 08:00,-2/0 (%),-14576,14436,284.1,-269.3,-7090,-941,50,0,1.59,10.5,1.7,6.1,45.0,89.0,0.2,0.2,0.0,11.9,0.0
2024-04-04,14077,-538,-357,-2532,-3867,21571,0,440,2024-Apr-04,-6536,-84,93,21719,-737,2024-Feb-22 at 08:00,-2/0 (%),-14644,14594,113.8,-163.8,-7151,-615,77,0,1.65,2.2,-1.4,0.4,71.0,100.0,17.4,7.4,10.0,17.6,0.0
2024-04-05,14076,-656,-362,-2511,-3865,21436,0,483,2024-Apr-05,-6578,-135,-449,21719,-722,2024-Feb-22 at 08:00,-2/0 (%),-14800,14665,285.4,-305.4,-7340,-761,105,0,1.62,1.8,-2.1,-0.2,72.0,99.0,7.2,0.0,5.2,18.2,0.0
2024-04-06,14267,-722,-363,-2588,-3899,21480,101,394,2024-Apr-06,-6509,44,-219,21719,-673,2024-Feb-22 at 08:00,-2/0 (%),-14757,14765,294.2,-308.5,-7234,-724,3,0,1.52,4.9,-1.4,1.8,68.0,89.0,0.0,0.0,0.0,16.2,0.0
2024-04-07,14277,-770,-360,-2642,-3916,21769,124,320,2024-Apr-07,-6160,290,-261,21719,-622,2024-Feb-22 at 08:00,-2/0 (%),-14477,14728,262.6,0.3,-6937,-777,8,0,1.52,10.9,1.3,6.1,34.0,87.0,0.0,0.0,0.0,11.9,0.0
2024-04-08,14241,-1172,-392,-2584,-3895,21806,4,303,2024-Apr-08,-5977,37,-214,21719,-592,2024-Feb-22 at 08:00,-2/0 (%),-14612,14548,293.3,172.0,-7149,-1172,0,0,1.52,13.1,-1.5,5.8,24.0,58.0,0.0,0.0,0.0,12.2,0.0
2024-04-09,14077,-1377,-394,-2538,-3913,21509,24,381,2024-Apr-09,-6036,-297,-683,21719,-598,2024-Feb-22 at 08:00,-2/0 (%),-14855,14482,324.4,-263.9,-7413,-1377,0,0,1.36,13.5,0.5,7.0,21.0,85.0,0.6,0.6,0.0,11.0,0.0
2024-04-10,14123,-1090,-403,-2529,-3946,21157,67,284,2024-Apr-10,-6136,-352,-765,21719,-702,2024-Feb-22 at 08:00,-2/0 (%),-14867,14535,91.5,-472.3,-7287,-1151,61,0,1.37,10.5,-3.7,3.4,19.0,70.0,0.0,0.0,0.0,14.6,0.0
2024-04-11,14291,-801,-404,-2488,-3858,21742,164,245,2024-Apr-11,-5892,585,421,21719,-741,2024-Feb-22 at 08:00,-2/0 (%),-14187,14702,223.3,-17.4,-6695,-803,2,0,1.36,14.0,-0.3,6.9,22.0,63.0,0.0,0.0,0.0,11.1,0.0
2024-04-12,14253,-1712,-409,-2136,-3845,21853,172,217,2024-Apr-12,-5864,110,-150,21719,-651,2024-Feb-22 at 08:00,-2/0 (%),-14617,14642,260.6,-119.0,-7576,-1712,0,0,1.36,15.1,1.8,8.5,26.0,62.0,0.0,0.0,0.0,9.5,0.0
2024-04-13,14301,-1617,-410,-2445,-3798,21921,193,309,2024-Apr-13,-5870,69,10,21719,-520,2024-Feb-22 at 08:00,-2/0 (%),-14660,14803,417.0,-92.2,-7487,-1617,0,0,1.18,17.9,-1.4,8.3,16.0,66.0,0.0,0.0,0.0,9.7,0.0
2024-04-14,14312,-1557,-410,-2423,-3908,22003,117,381,2024-Apr-14,-5947,82,57,21719,-531,2024-Feb-22 at 08:00,-2/0 (%),-14775,14810,611.9,-286.5,-7503,-1557,0,0,1.18,17.1,-2.1,7.5,18.0,76.0,0.0,0.0,0.0,10.5,0.0
2024-04-15,14104,-1537,-412,-2395,-3962,21721,72,414,2024-Apr-15,-6083,-282,-749,21719,-528,2024-Feb-22 at 08:00,-2/0 (%),-14917,14590,278.3,-350.7,-7620,-1537,0,0,1.18,16.4,1.1,8.8,23.0,96.0,0.6,0.6,0.0,9.2,0.0
2024-04-16,14228,-1024,-387,-2387,-3735,21208,74,329,2024-Apr-16,-6346,-513,-109,21719,-532,2024-Feb-22 at 08:00,-2/0 (%),-14411,14630,301.3,-284.0,-7369,-1024,0,0,1.14,2.2,-2.3,-0.1,66.0,100.0,11.9,0.0,11.9,18.1,0.0
2024-04-17,14191,-1226,-377,-2435,-3684,20964,70,232,2024-Apr-17,-6397,-244,-797,21719,-530,2024-Feb-22 at 08:00,-2/0 (%),-14649,14493,409.0,-557.0,-7624,-1226,0,0,1.19,2.8,-3.3,-0.3,39.0,83.0,0.0,0.0,0.0,18.3,0.0
2024-04-18,14173,-727,-360,-2418,-3874,20713,83,127,2024-Apr-18,-6491,-251,-257,21542,-602,2024-Feb-22 at 08:00,-2/0 (%),-14488,14399,90.9,-391.6,-7234,-742,16,0,1.23,3.3,-4.1,-0.4,26.0,61.0,0.0,0.0,0.0,18.4,0.0
2024-04-19,13817,-50,-383,-2395,-4005,20925,87,171,2024-Apr-19,-6478,212,-128,21542,-554,2024-Feb-22 at 08:00,-2/0 (%),-14125,14335,144.9,-187.9,-6788,-310,260,0,1.28,4.2,-6.0,-0.9,26.0,59.0,0.0,0.0,0.0,18.9,0.0
2024-04-20,13636,-695,-373,-2472,-3847,21145,83,144,2024-Apr-20,-5859,220,36,21542,-438,2024-Feb-22 at 08:00,-2/0 (%),-13686,13864,200.9,-31.0,-6556,-696,1,0,1.37,10.7,-5.5,2.6,23.0,64.0,0.0,0.0,0.0,15.4,0.0
2024-04-21,14130,-1446,-355,-2376,-3798,21511,93,117,2024-Apr-21,-5676,367,5,21542,-258,2024-Feb-22 at 08:00,-2/0 (%),-13910,14340,494.1,66.9,-7123,-1446,0,0,1.37,13.0,-0.4,6.3,21.0,65.0,0.0,0.0,0.0,11.7,0.0
2024-04-22,14297,-1635,-381,-2288,-3792,21771,50,124,2024-Apr-22,-5782,260,-403,21542,-345,2024-Feb-22 at 08:00,-2/0 (%),-14223,14471,802.7,-107.3,-7417,-1635,0,0,1.37,14.6,3.2,8.9,19.0,44.0,0.0,0.0,0.0,9.1,0.0
2024-04-23,14232,-1658,-422,-2344,-3950,21702,113,142,2024-Apr-23,-5667,-69,-511,21542,-564,2024-Feb-22 at 08:00,-2/0 (%),-14605,14487,583.1,-81.8,-7325,-1658,0,0,1.21,17.0,-1.2,7.9,19.0,61.0,0.0,0.0,0.0,10.1,0.0
2024-04-24,14165,-1792,-429,-2297,-3918,21529,79,155,2024-Apr-24,-5661,-173,-230,21542,-356,2024-Feb-22 at 08:00,-2/0 (%),-14454,14400,705.7,-113.2,-7453,-1792,0,0,1.07,,,,,,0.0,0.0,0.0,,
2024-04-25,14180,-1734,-432,-2190,-4028,21338,168,147,2024-Apr-25,-5727,-191,-685,21542,-509,2024-Feb-22 at 08:00,-2/0 (%),-14620,14495,680.8,-225.2,-7461,-1734,0,0,1.02,16.3,0.6,8.5,21.0,73.0,0.0,0.0,0.0,9.5,0.0
2024-04-26,14046,-1381,-400,-2217,-4107,20816,118,192,2024-Apr-26,-6098,-522,-550,21542,-545,2024-Feb-22 at 08:00,-2/0 (%),-14755,14362,390.0,-507.9,-7485,-1387,6,0,0.94,7.0,1.9,4.5,49.0,89.0,0.8,0.8,0.0,13.5,0.0
2024-04-27,13988,-1004,-407,-2531,-3954,20848,112,124,2024-Apr-27,-5728,31,104,21542,-596,2024-Feb-22 at 08:00,-2/0 (%),-14269,14274,315.2,-380.3,-6781,-1053,50,0,0.93,16.5,1.6,9.1,32.0,85.0,0.0,0.0,0.0,8.9,0.0
2024-04-28,14085,-1235,-412,-2526,-3969,20622,99,146,2024-Apr-28,-5619,-226,-1411,21542,-583,2024-Feb-22 at 08:00,-2/0 (%),-14409,14396,414.3,-417.8,-6920,-1301,66,0,0.93,16.1,4.3,10.2,17.0,63.0,0.0,0.0,0.0,7.8,0.0
2024-04-29,14035,-783,-388,-2516,-4034,20789,150,46,2024-Apr-29,-5887,167,-292,21365,-579,2024-Feb-22 at 08:00,-2/0 (%),-14187,14231,387.3,-44.9,-6670,-783,0,0,0.93,10.7,0.8,5.8,32.0,97.0,5.5,4.5,1.0,12.2,0.0
2024-04-30,13782,-517,-373,-2705,-3959,20429,154,9,2024-Apr-30,-6160,-360,-245,21365,-529,2024-Feb-22 at 08:00,-2/0 (%),-14243,13945,177.5,-514.1,-6677,-517,0,0,1.17,5.1,0.0,2.6,52.0,100.0,4.2,0.0,4.2,15.4,0.0
2024-05-01,13643,-174,-376,-2718,-4117,20102,155,0,2024-May-01,-6091,-327,-460,21365,-461,2024-Feb-22 at 08:00,-2/0 (%),-13973,13832,65.4,-400.7,-6300,-209,35,0,1.26,2.8,0.1,1.5,78.0,98.0,10.0,3.4,6.6,16.5,0.0
2024-05-02,13634,60,-388,-2745,-4082,20234,155,0,2024-May-02,-5968,132,-128,21365,-511,2024-Feb-22 at 08:00,-2/0 (%),-13873,14028,58.5,-211.1,-6147,-179,239,0,1.32,7.0,-0.2,3.4,51.0,99.0,5.5,3.3,2.2,14.6,0.0
2024-05-03,13850,-465,-401,-2739,-4138,20175,158,0,2024-May-03,-5895,-59,-234,21365,-375,2024-Feb-22 at 08:00,-2/0 (%),-14025,14023,15.3,-336.1,-6374,-479,14,0,1.32,12.3,-1.6,5.4,35.0,97.0,0.0,0.0,0.0,12.6,0.0
2024-05-04,13941,-652,-374,-2683,-4073,20476,218,0,2024-May-04,-5637,300,205,21365,-473,2024-Feb-22 at 08:00,-2/0 (%),-13893,14159,43.8,-44.0,-6289,-652,0,0,1.23,14.3,-2.1,6.1,28.0,80.0,0.0,0.0,0.0,11.9,0.0
2024-05-05,13843,-896,-395,-2667,-4034,20135,175,0,2024-May-05,-5549,-341,-1492,21365,-484,2024-Feb-22 at 08:00,-2/0 (%),-14025,14018,138.6,-71.4,-6445,-896,0,0,1.23,13.4,3.0,8.2,42.0,88.0,0.4,0.4,0.0,9.8,0.0
2024-05-06,12706,-266,-388,-2666,-4028,19835,189,0,2024-May-06,-5405,-300,-356,21365,-463,2024-Feb-22 at 08:00,-2/0 (%),-13439,13119,78.8,-413.7,-5895,-489,223,0,1.23,17.6,1.7,9.7,41.0,100.0,1.9,1.9,0.0,8.3,0.0
2024-05-07,12755,-346,-386,-2142,-3996,19616,137,0,2024-May-07,-5538,-219,310,21012,-470,2024-Feb-22 at 08:00,-2/0 (%),-12974,12987,91.4,-375.4,-5979,-441,95,0,1.35,7.0,3.9,5.5,59.0,88.0,3.7,3.7,0.0,12.5,0.0
2024-05-08,13235,-223,-386,-2699,-3982,19640,139,0,2024-May-08,-5522,24,-397,21012,-443,2024-Feb-22 at 08:00,-2/0 (%),-13441,13561,84.0,-236.2,-5932,-410,187,0,1.39,11.8,5.3,8.6,31.0,59.0,0.0,0.0,0.0,9.4,0.0
